99999.99,99999.99,99999.99,99999.99,99999.99,99999.99,99999.99,99999.99,99999.99,99999.99
-0.88989,-0.081563,0.17925,0.36732,0.18533,58.149,24.704,0.015892,-24.715,-58.157
-58.254,-24.706,0.028484,24.746,58.15,0.079019,0.15962,0.01828,0.04683,-0.41432
-0.9924,-0.066547,0.093121,0.16052,0.68218,57.735,24.961,0.00017826,-24.971,-57.718
-0.94832,-0.17486,0.089589,0.13616,0.8554,57.437,25.163,0.011468,-25.172,-57.441
-1.3852,-0.15913,-0.016013,0.44575,0.90985,57.426,25.219,-0.0056757,-25.24,-57.379
-57.799,-24.963,0.026086,24.919,57.826,-0.65291,-0.020289,-0.028274,0.25265,0.32471
-57.526,-25.092,0.0019262,25.08,57.543,0.39686,-0.31905,-0.083851,-0.17015,0.5846
-1.1917,-0.063849,-0.034003,0.22851,0.96694,57.497,25.128,-0.00066961,-25.153,-57.453
-57.582,-25.125,0.020973,25.013,57.734,0.061472,-0.30159,-0.02477,0.068118,0.36908
-57.437,-25.107,0.019189,25.072,57.463,-0.031213,-0.52146,-0.097772,0.023507,1.0664
-1.0451,-0.0087175,0.085359,0.20126,0.57163,57.512,25.139,-0.02902,-25.045,-57.62
-1.5042,-0.38141,0.2227,0.43254,1.0644,-58.136,-24.837,-0.013587,24.873,58.099
-1.2212,-0.025067,0.031917,0.33931,0.60678,57.37,25.243,0.0048742,-25.225,-57.411
-57.382,-25.186,0.043682,25.124,57.413,-0.051577,-0.55705,-0.18303,-0.0091866,1.3691
-57.351,-25.101,0.0094463,25.083,57.365,-0.31268,-0.65989,0.0068709,0.10095,1.2843
57.992,24.923,0.056776,-24.793,-58.284,0.85625,0.051683,0.14315,-0.26082,-0.76586
-57.359,-25.102,0.010728,25.124,57.299,0.15456,-0.54095,-0.091276,0.0014871,0.96638
-0.33756,0.58609,0.068616,-0.25798,-0.31531,-57.677,-25.22,0.053551,25.178,57.657
-1.0254,-0.045037,-0.042448,0.48115,0.32644,57.344,25.275,-0.015597,-25.194,-57.46
57.883,25.194,0.00042294,-25.378,-57.582,2.2181,0.44259,0.059023,-0.50763,-2.2112
57.6,25.196,0.03533,-25.234,-57.597,0.014168,-0.34821,0.38879,0.30493,-0.61106
57.083,24.881,0.66496,-24.134,-59.25,23.049,7.8666,-2.3052,-10.644,-15.275
8.3572,7.2518,3.2695,-5.3327,-16.284,59.103,24.292,-0.86702,-24.7,-57.146
-56.814,-25.283,-0.92262,24.477,59.426,18.718,3.5493,-3.6628,-6.9735,-8.0322
-58.324,-24.127,-0.2014,24.298,58.369,-12.761,-6.7968,0.62317,6.8964,11.68
-3.3695,0.3291,0.32241,0.79477,0.88798,-57.548,-25.734,0.070537,25.555,57.733
-57.369,-25.101,-0.17938,24.745,58.245,14.507,5.6407,-0.9776,-6.4676,-11.55
-21.207,2.0524,3.6606,5.6588,4.1273,55.065,27.659,0.89404,-24.806,-60.693
-16.827,-5.7515,2.3074,7.5361,10.287,57.366,24.865,0.60801,-24.749,-58.53
21.774,5.5993,-4.4025,-8.7277,-10.41,56.649,25.084,1.3403,-24.419,-59.671
-11.28,-10.666,-3.0038,5.8451,23.383,-59.552,-24.55,0.85927,25.616,56.565
-0.25333,-0.10267,0.042997,-0.0026186,0.36296,-57.415,-25.074,-0.016301,25.18,57.255
56.225,25.279,1.2693,-23.992,-60.094,-24.064,-6.0972,3.985,11.005,10.588
-59.291,-24.101,1.0471,24.436,57.214,11.871,9.351,3.3888,-7.0981,-20.343
-21.55,-7.4032,0.5303,8.2637,19.492,58.002,25.022,0.099107,-24.79,-58.498
-8.9135,-8.5322,-4.4102,5.8712,19.638,59.571,24.165,-1.3605,-24.595,-56.856
-58.058,-24.783,0.1099,25.194,57.178,-12.971,-7.4832,-0.35236,6.2636,15.629
-57.634,-24.947,0.12213,24.966,57.387,-13.311,-6.9051,-0.45889,6.8123,14.275
-56.672,-25.458,-0.88868,25.014,58.851,-17.888,-3.5999,3.3308,7.2285,6.5093
32.467,13.65,-0.46158,-14.319,-30.776,57.844,24.405,0.21411,-24.091,-58.632
-1.3862,1.1996,-0.085929,-0.077561,-0.41278,-57.525,-25.394,-0.014971,25.426,57.495
-57.394,-25.183,-0.0030692,25.25,57.281,-1.2556,-0.49457,0.043378,0.30796,1.5078
-24.172,-1.9736,3.1779,8.5905,9.1273,-55.201,-27.064,-0.96571,24.503,60.609
57.421,25.552,-0.016466,-25.435,-57.594,3.1187,0.57005,-0.46683,-0.76093,-1.9653
-59.169,-24.436,0.77444,25.209,56.672,-8.0977,-8.4561,-3.3058,5.3453,18.458
-15.968,-4.4875,2.0955,6.4863,9.0633,57.272,25.402,0.52723,-25.36,-58.237
-57.968,-24.758,0.14061,25.059,57.212,22.098,10.997,0.15498,-10.217,-23.695
-2.2746,0.030214,0.30486,0.17187,1.3727,-57.518,-25.404,-0.017118,25.485,57.406
-3.0469,-3.7461,-1.2917,-4.847,18.628,60.819,24.902,-0.10615,-28.682,-54.691
22.675,-0.96439,-6.9912,-8.3094,2.6383,-55.678,-27.248,-1.4287,25.987,59.853
-14.949,-5.479,1.027,5.9404,12.319,57.224,25.275,0.25857,-25.311,-57.62
12.278,9.7853,1.919,-7.6591,-18.421,-58.899,-24.032,0.67542,24.116,57.739
9.9736,7.0692,0.89086,-5.4739,-14.3,57.959,24.955,-0.28603,-25.264,-56.92
60.859,24.608,-1.6555,-26.744,-55.107,6.8716,8.2313,5.7529,-2.1668,-24.765
-58.018,-24.875,-0.35725,25.121,58.194,30.67,12.439,-0.8295,-11.777,-30.407
-28.672,-18.933,-4.1557,13.865,42.586,-61.929,-23.477,2.6401,25.841,54.411
-32.454,-10.995,3.3898,14.524,21.932,-56.002,-24.95,-1.518,23.515,60.501
-56.444,-24.437,0.28097,23.874,56.883,56.333,23.761,0.29386,-24.219,-56.078
-37.391,-17.096,-0.48748,17.038,38.317,58.107,24.568,-0.38532,-24.743,-57.158
60.074,23.608,-0.87498,-25.161,-56.43,28.288,15.276,1.8565,-12.929,-34.596
-57.98,-24.385,-0.13123,24.678,57.715,28.338,13.684,-0.22345,-13.102,-28.921
-55.873,-25.654,-0.57323,23.107,60.657,-34.058,-10.765,1.3191,16.287,23.594
-54.594,-26.419,-2.1877,24.025,61.497,32.169,6.8179,-5.4423,-13.714,-13.596
29.272,12.819,-0.30215,-13.438,-27.648,57.187,24.997,0.10767,-24.862,-57.615
-2.3741,-3.2304,-0.98556,-5.0373,18.618,61.876,25.603,0.54442,-30.702,-53.914
0.34003,4.2816,1.4045,7.0277,-20.393,61.724,25.17,0.0097413,-30.597,-53.158
-42.107,-18.249,-0.14089,17.869,43.014,57.889,25.362,-0.18274,-25.729,-56.926
48.136,19.848,-0.10164,-20.082,-47.63,57.761,25.242,0.032388,-24.916,-58.291
-58.047,-25.084,0.42851,25.394,56.742,-12.58,-7.3146,-1.3634,5.8676,17.537
-55.232,-27.079,-1.0764,24.568,60.712,-24.832,-2.2106,4.0192,9.1018,8.1912
26.552,14.003,0.57333,-12.185,-30.69,58.616,24.507,-0.2118,-25.528,-56.484
-57.542,-24.503,0.011557,24.424,57.65,48.997,21.807,-0.10775,-21.945,-48.589
-56.93,-25.493,0.084271,23.769,59.435,47.03,18.625,-0.058524,-20.532,-44.027
37.024,11.066,-2.4166,-17.554,-22.984,-54.777,-26.134,-1.2901,23.38,61.148
41.386,19.097,0.21042,-18.574,-42.615,58.116,24.456,-0.092524,-24.84,-57.319
8.0897,5.8403,1.4731,-4.6344,-12.643,58.023,24.881,-0.23858,-25.177,-57.116
39.2,19.509,0.15011,-17.429,-43.102,58.457,24.547,-0.24807,-25.598,-56.178
-15.397,-4.6113,0.91821,6.7891,10.045,56.884,25.511,0.24861,-24.91,-58.352
57.573,25.241,-0.016875,-25.387,-57.288,-0.18859,0.15324,0.10516,0.21814,-0.65471
56.974,25.257,0.30608,-24.7,-58.44,35.979,14.904,-0.46738,-15.924,-33.46
-53.221,-30.988,0.44225,25.169,62.049,19.408,-7.7746,-0.79885,-3.6432,0.65606
-37.576,-15.487,0.97962,17.184,32.85,-56.231,-25.286,-0.67732,24.575,58.688
-56.594,-25.558,-0.51732,24.934,58.536,16.701,4.0641,-2.1179,-7.0547,-8.0162
-57.134,-25.095,0.12643,24.503,57.902,-28.972,-11.649,-0.36985,13.304,26.846
22.912,-0.51221,-3.567,-7.3352,-3.9582,54.78,27.934,0.82397,-25.471,-60.235
-61.941,-25.205,0.56177,30.301,53.26,-0.11282,-4.5625,-3.2667,-6.4881,22.041
-29.088,-11.21,0.53287,12.986,25.4,57.358,24.936,0.20109,-24.423,-58.498
55.81,24.329,-0.56689,-24.62,-54.363,55.744,24.168,0.45792,-23.81,-57.12
-1.3601,0.39171,0.29054,0.061145,0.020424,57.106,25.408,-0.013949,-25.12,-57.594
-59.568,-25.271,0.47441,27.113,55.624,8.2383,6.7453,2.4915,-2.3601,-19.975
-38.484,-19.444,0.23728,17.368,41.272,59.278,23.068,0.22212,-24.58,-57.314
60.995,24.429,-1.6161,-26.795,-54.986,-7.8943,-9.9487,-5.0514,3.1212,25.838
-59.29,-24.039,0.59588,24.821,57.228,-21.316,-11.63,-1.4223,9.7219,26.291
-60.945,-23.786,0.16727,27.491,54.8,36.227,18.575,0.2911,-14.008,-43.932
59.181,23.508,0.054908,-24.811,-57.314,-31.302,-16.19,0.077126,13.859,34.651
52.798,28.375,1.9649,-23.73,-62.977,-44.59,-11.368,3.3244,18.322,28.807
54.286,19.367,-1.4419,-25.155,-43.161,-53.994,-26.169,-1.2061,22.036,62.156
-32.632,-14.368,0.60786,14.079,32.075,-57.536,-25.137,-0.20121,25.277,57.642
-61.976,-22.79,0.53909,27.148,54.475,21.574,18.011,0.93236,-9.4984,-36.008
11.577,7.4749,0.90327,-6.4024,-15.085,57.752,24.942,-0.27943,-25.048,-57.064
-58.07,-24.971,0.11087,25.463,57.024,-26.983,-12.766,-0.26804,11.993,28.792
-45.249,-17.845,1.7903,19.111,40.662,-56.461,-24.831,-1.1711,23.906,59.61
-53.713,-29.974,-0.037807,24.99,61.527,-19.488,6.3165,1.8132,4.0427,0.5042
51.978,31.371,1.0983,-25.354,-62.953,27.482,-4.8075,-3.7541,-6.4588,-4.3401
-24.911,-12.374,-0.96897,11.789,27.696,-58,-25.412,0.58501,25.324,57.1
-63.703,-22.939,2.335,27.952,52.073,44.781,24.566,2.6458,-19.333,-57.254
-58.322,-24.596,0.35239,25.216,56.638,42.322,19.771,0.48303,-18.974,-44.536
-51.236,-18.238,-1.2324,23.772,44.743,56.006,26.448,-0.81639,-22.807,-60.269
-26.655,-0.37825,4.3297,8.1694,6.1009,-53.403,-29.558,-0.95515,25.551,61.799
57.316,25.363,0.03275,-25.264,-57.549,3.9656,0.38931,-0.34096,-1.413,-1.5423
-20.249,5.577,1.3848,3.5268,1.7791,53.148,31.49,-0.42766,-25.797,-62.378
-15.985,6.0388,0.71984,4.0986,-2.7284,55.447,29.417,-0.35394,-26.165,-60.427
-56.143,-24.107,-0.29727,25.107,54.935,55.746,24.877,-0.38331,-23.752,-57.016
-3.1209,-3.7425,-0.8998,-5.802,21.026,61.926,25.595,0.15451,-30.705,-53.443
55.724,25.507,0.81283,-23.175,-60.56,44.148,15.899,-1.0309,-20.014,-36.259
-32.646,-8.2453,7.1352,13.063,14.658,54.544,25.765,2.9739,-24.035,-61.632
56.313,23.071,-0.31924,-23.963,-54.192,54.87,25.768,0.096092,-24.833,-56.672
32.997,19.311,2.3264,-15.517,-42.167,-60.96,-23.032,1.2394,25.251,55.797
57.933,25.015,-0.18149,-25.125,-57.432,17.685,9.3104,0.3981,-8.9867,-18.923
-57.765,-24.946,-0.081669,25.354,57.192,-13.8,-8.0176,0.29136,6.918,15.213
-51.374,-20.305,1.8565,20.167,48.498,56.273,26.057,1.5037,-25.97,-58.936
-26.188,-10.419,0.22814,10.776,25.163,57.463,25.511,0.035041,-25.448,-57.634
-15.441,-7.0651,-0.95947,6.985,17.313,57.768,25.433,-0.31769,-25.41,-57.237
-19.685,6.8634,0.78954,2.9748,1.9246,53.331,31.408,-0.60447,-25.463,-62.241
27.603,14.316,-0.7682,-11.483,-30.986,58.28,24.419,0.24888,-25.657,-56.663
59.914,24.72,-0.86374,-26.513,-55.51,16.879,11.569,2.8701,-7.4303,-28.524
-57.203,-25.354,-0.024967,25.126,57.642,14.736,4.3091,-0.037462,-6.3358,-11.152
-57.694,-24.938,-0.19053,25.276,57.447,33.825,15.783,-0.43213,-14.974,-34.462
-2.3809,-9.6957,-8.8621,-1.554,33.728,-63.151,-25.944,2.4906,30.901,51.618
15.476,12.237,3.1652,-5.2584,-30.607,61.242,24.133,-1.5148,-26.886,-54.884
58.201,23.87,0.42287,-24.484,-57.936,-47.366,-21.987,0.65498,20.662,48.354
-2.3283,-4.486,-1.7471,-8.3817,28.058,66.539,25.863,0.95157,-37.519,-47.783
-29.307,0.8947,4.621,7.9636,7.0674,52.231,30.334,1.287,-25.305,-62.647
-36.891,-15.678,0.56988,16.531,34.358,56.733,25.228,0.34993,-24.878,-57.982
50.768,29.826,3.0638,-24.517,-64.193,40.967,6.7151,-6.4327,-14.701,-17.872
16.728,10.414,1.0143,-9.0164,-20.804,58.229,24.524,-0.38376,-24.731,-57.223
-10.38,-7.9923,-2.7781,3.9054,21.903,60.082,24.936,-0.75457,-26.912,-55.501
-22.345,-19.053,-11.298,9.6827,54.261,-68.557,-24.949,6.7659,32.837,45.99
34.684,-71.166,-26.213,71.166,13.729,55.587,31.863,-72.331,-25.996,67.453
3.1415,-10.437,5.1681,4.9325,-2.2184,18.931,-2.278,-29.574,23.503,-4.5312
-20.325,-8.2165,-0.26855,8.1477,20.91,-57.667,-25.483,-0.010933,25.734,57.255
8.4601,-73.805,6.3778,71.173,-15.504,68.312,-2.0774,-77.48,5.5287,68.552
-54.285,-24.415,-2.8873,21.567,62.918,44.44,16.147,-4.7022,-22.746,-27.463
-44.076,-21.414,-0.8107,20.047,47.784,-59.436,-23.926,0.766,25.238,55.892
0.41458,5.1097,2.6731,7.3579,-24.248,-63.234,-25.528,0.65218,32.28,51.643
-57.492,-24.997,0.26472,24.383,58.06,-42.567,-18.492,-0.088814,18.977,41.917
53.866,27.171,2.1679,-25.055,-61.037,-26.744,-3.5704,6.2128,8.7185,7.7103
-51.579,-30.3,-1.909,25.171,62.974,31.648,-0.16683,-6.9951,-8.3081,-6.5707
3.897,-5.5201,-5.2168,-5.8008,24.745,-61.987,-26.956,0.62194,31.641,52.819
50.12,25.817,0.75942,-20.83,-58.91,-61.324,-22.072,0.51836,27.362,52.428
-50.447,-10.103,8.6879,17.843,24.538,-47.865,-31.466,-5.2674,24.826,66.665
45.995,13.432,-3.8674,-21.221,-27.724,52.503,26.807,2.7177,-22.649,-63.303
-52.29,-27.624,-3.7132,24.258,63.406,-35.893,-6.6015,9.0696,14.117,9.8389
-49.418,-27.012,1.9022,19.823,57.484,-60.786,-21.197,-1.7095,27.165,54.273
10.946,14.216,9.2064,-6.7943,-37.398,-63.401,-24.848,3.8246,28.075,52.201
-54.065,-26.706,-1.6012,23.875,61.49,32.899,8.5286,-4.0974,-15.411,-14.506
-25.627,-55.003,-0.22391,50.164,34.432,-69.281,7.131,59.629,10.443,-69.458
57.771,24.738,-0.26524,-24.543,-57.657,-19.633,-10.939,-0.58505,10.343,21.574
-39.693,-10.399,1.5768,12.926,33.492,55.431,27.895,0.88186,-25.654,-60.157
-34.959,-60.711,3.4969,58.624,32.279,71.789,-15.261,-56.578,-9.0191,75.416
14.342,14.402,3.0994,-7.8757,-31.315,60.744,24.513,-1.2046,-27.002,-54.231
-29.595,-12.334,-0.10434,11.936,30.451,57.775,25.463,-0.084319,-25.719,-57.194
54.631,29.621,0.21188,-26.314,-60.585,21.707,-4.2737,-2.7492,-6.3862,1.0452
-50.092,-31.944,-2.2324,24.718,64.64,42.292,5.3213,-4.4849,-14.652,-21.04
-15.276,-14.187,-6.0935,8.675,32.55,61.687,23.522,-2.3634,-25.656,-55.01
-61.213,-24.759,0.98754,28.354,54.367,6.735,5.4214,3.7163,2.0126,-23.399
-50.567,-27.763,-5.4309,23.444,65.258,-47.228,-11.479,8.6362,18.827,23.117
-55.234,-27.675,-0.77645,25.874,59.653,-19.19,2.2613,3.1706,5.9511,-0.31888
-73.583,9.7242,47.287,21.659,-67.619,25.714,65.641,6.2789,-61.018,-45.311
-60.065,-23.181,0.56498,25.035,56.297,-46.492,-22.656,-0.78256,20.862,50.506
64.307,22.632,-3.3429,-27.042,-51.954,-22.344,-20.544,-6.1752,13.049,44.08
-47.761,66.557,-65.456,53.946,-46.189,6.8952,-9.64,0.28072,1.5092,6.7245
-28.675,0.062909,4.1574,8.0413,7.2542,52.577,30.421,0.88714,-25.661,-62.408
16.245,20.048,9.0797,-11.876,-42.134,63.924,22.668,-4.2258,-25.725,-53.017
-49.339,-2.8404,9.5406,15.636,10.318,-41.37,-39.48,-3.8876,26.75,70.312
-14.434,-18.32,-5.601,8.1125,41.338,-64.322,-24.425,2.2529,30.178,50.72
-53.17,27.942,49.511,-5.3347,-76.938,43.463,55.87,-16.768,-48.848,-25.477
23.821,24.095,8.3003,-13.687,-53.919,-67.793,-22.988,5.4624,29.999,47.785
-33.231,1.0162,4.762,8.4864,8.0489,-50.264,-33.97,-0.71317,26.381,64.847
-79.265,-22.857,21.009,33.093,24.219,-21.231,-36.394,-21.727,24.992,79.587
-0.85437,5.3756,3.6642,4.6696,-23.06,61.722,26.192,-0.38856,-30.646,-53.307
-61.495,-23.072,5.9605,29.66,42.659,51.452,24.034,5.2276,-19.835,-65.632
-62.835,-22.356,2.7342,25.408,54.17,-26.202,-21.02,-4.5738,14.242,43.199
-45.542,-5.2601,9.4178,14.025,17.264,48.045,32.015,5.0231,-25.329,-66.242
-24.948,-12.669,-1.1449,10.571,30.684,58.983,25.061,-0.41283,-26.39,-55.911
-47.401,-32.231,-3.8684,23.275,67.108,-61.434,-16.259,4.4546,24.591,41.794
-54.014,-27.919,-1.3736,24.863,61.588,44.129,14.508,-2.7095,-18.032,-33.463
-38.535,5.8606,4.7366,8.0191,7.4229,-44.068,-39.323,-1.0475,25.752,68.448
54.894,26.531,1.5152,-24.796,-60.496,-38.173,-13.391,2.8951,16.453,27.907
-6.916,-7.858,-4.1849,-4.3466,32.251,64.037,25.542,-1.173,-33.147,-50.507
65.546,23.983,-6.1217,-27.9,-49.999,15.277,18.016,11.325,-10.027,-45.191
-59.08,-23.157,-1.4985,25.938,57.118,-30.248,-16.895,2.18,11.858,34.601
-62.035,-24.185,3.7824,25.674,54.137,-9.4839,-11.481,-9.9693,6.7283,31.542
-69.19,11.213,60.225,6.2904,-72.6,25.766,58.587,-2.2716,-55.59,-26.974
-76.18,-1.4507,45.321,28.346,-52.188,29.274,52.207,14.543,-53.388,-53.303
20.649,-1.9925,-3.5521,-5.967,-0.37238,54.93,28.385,0.56407,-26.192,-59.774
-60.722,-25.871,1.6292,28.069,54.406,3.7208,8.7216,6.0689,-0.96751,-26.501
41.508,54.297,-0.5046,-44.318,-58.438,49.265,-17.188,-27.868,-9.8777,50.29
-45.791,30.212,37.41,0.88057,-75.436,54.17,57.317,-14.151,-49.313,-42.893
-19.955,-19.917,-26.711,36.209,39.624,76.018,20.171,-31.143,-45.925,26.516
-47.961,-15.614,6.2116,20.847,30.874,52.887,25.679,4.3544,-22.665,-63.881
-43.263,-61.414,-0.64886,60.206,46.535,70.311,-17.545,-42.891,-18.569,68.834
-58.036,-20.738,0.34285,27.181,47.532,-53.456,-26.546,-0.40851,21.312,62.16
-3.5198,30.396,-41.272,-24.193,68.928,82.33,-12.713,-48.669,32.271,-27.323
-33.133,-29.752,-6.7672,18.592,61.298,-68.362,-21.102,5.599,28.372,48.151
52.982,-26.418,-53.557,11.327,71.988,41.826,48.057,-17.466,-44.33,-16.453
-57.238,-25.251,-0.1355,25.19,57.592,-12.91,-6.6495,0.93434,6.3134,11.81
-34.757,41.996,41.194,-23.119,-73.655,55.535,46.497,-27.473,-52.688,5.3658
62.694,25.546,-2.9861,-28.71,-52.373,-5.533,-10.33,-8.6215,3.1889,32.004
-31.12,-8.2219,3.2939,13.424,16.792,54.497,26.545,1.3091,-24.131,-60.777
-44.883,-13.283,3.9258,19.675,27.509,52.528,27.241,2.7767,-24.157,-62.408
54.417,24.817,2.5973,-23.83,-59.833,58.076,22.926,-2.5149,-24.151,-52.425
-60.951,-23.739,2.3086,25.141,54.598,21.294,17.93,3.6954,-12.889,-36.195
-28.402,-57.079,-11.799,59.988,44.751,75.499,-4.8878,-47.918,-23.341,62.141
13.144,56.105,-39.916,-51.215,45.418,52.212,-35.205,-62.407,40.763,43.152
38.593,17.907,-0.42909,-16.472,-40.36,58.004,24.848,0.37664,-26.013,-56.62
-56.894,-51.301,20.429,42.213,35.999,35.113,-37.677,-36.143,10.192,78.783
-34.494,6.2775,6.6156,8.3883,1.8585,48.467,35.235,1.8034,-25.949,-65.465
56.866,26.648,-0.30423,-25.65,-58.036,48.473,19.051,0.18968,-20.047,-47.114
61.805,19.235,-4.2753,-28.216,-41.193,49.333,28.264,3.7546,-21.432,-65.789
18.47,13.849,24.51,-24.663,-44.147,76.151,23.178,-20.342,-50.371,9.969
44.092,23.813,1.4903,-18.975,-55.07,62.283,23.544,-1.5129,-27.961,-51.993
-7.1392,-1.1852,-76.787,63.396,35.737,20.915,-71.053,32.136,60.019,-59.411
29.761,-42.912,12.501,36.856,-39.973,9.1384,-38.283,62.663,-47.276,30.156
-44.329,-24.762,-0.41569,19.853,53.415,61.267,22.656,-0.3651,-26.591,-53.921
-20.428,-57.913,-12.711,59.338,40.957,-75.936,-2.9319,49.583,27.891,-58.435
30.882,3.3136,-6.3238,-12.767,-3.6975,-52.771,-29.39,-2.2168,26.175,62.145
22.705,6.629,-4.5208,-9.7837,-9.3782,55.588,25.823,1.3718,-24.803,-59.74
-16.943,-16.145,-3.1419,9.8818,32.484,61.031,23.429,-1.3214,-25.877,-54.79
4.754,9.7656,8.7852,3.3678,-38.12,65.976,25.91,-3.6807,-34.133,-47.916
-52.486,-19.352,1.8786,22.948,43.013,54.185,26.494,1.5545,-23.89,-61.388
-11.583,34.409,-11.89,-48.24,58.483,70.444,8.9716,-68.735,15.617,12.385
-64.734,-22.218,3.3737,27.492,51.728,27.607,22.63,5.3352,-14.127,-48.387
25.743,32.223,-65.562,-11.469,58.025,63.704,-46.525,-32.971,52.11,-12.869
-56.938,13.712,34.456,14.43,-53.483,37.574,57.922,-0.068919,-45.546,-59.054
-25.291,10.626,2.1199,5.544,-4.2522,-50.587,-34.346,0.079462,26.055,63.842
-53.719,-29.662,-0.79717,26.015,61.319,25.108,-2.1927,-3.5865,-7.2174,-2.8474
-71.752,-28.822,24.964,34.369,17.178,-4.6165,43.689,27.29,-23.738,-79.435
12.546,7.2329,2.0483,-4.6688,-20.82,58.913,25.496,-0.47445,-26.715,-55.886
33.748,21.961,4.2155,-15.788,-52.339,64.323,24.258,-2.9665,-29.284,-50.031
-51.017,-33.058,-0.6083,25.188,63.753,28.351,-6.65,-1.9493,-6.8949,-5.0866
76.175,8.2553,-44.989,-33.439,48.934,23.451,47.27,16.302,-52.514,-43.526
-5.7546,-7.5326,-6.033,3.7793,22.854,59.648,25.647,-1.7625,-26.357,-55.322
59.79,24.441,-1.1723,-25.595,-56.287,46.087,20.351,1.223,-18.966,-50.015
48.585,-60.068,-41.28,61.266,24.977,49.603,45.322,-65.493,-41.836,64.222
57.318,25.571,0.22397,-25.563,-57.74,22.086,8.9463,-0.70009,-9.4416,-19.957
-35.124,-49.261,0.045682,50.674,32.703,70.597,-10.235,-61.109,-9.2846,71.258
64.573,22.935,-1.6195,-29.797,-50.824,33.864,21.625,2.3917,-14.105,-49.94
9.941,13.64,9.2889,-6.9867,-36.58,63.539,24.753,-3.7008,-28.297,-51.439
-56.191,17.696,35.097,13.662,-63.627,49.275,57.212,-4.1902,-56.142,-43.539
25.573,12.001,-0.060125,-11,-27.227,58.115,25.252,0.10979,-26.078,-56.854
36.496,-17.394,-26.746,-7.3426,55.932,62.395,43.257,-5.902,-47.066,-44.925
-6.063,-7.6682,-6.9139,-4.5097,40.073,70.619,26.003,-0.63851,-44.181,-37.365
-48.231,-30.5,-5.2858,23.245,67.339,57.042,14.653,-6.8245,-23.512,-33.166
-24.797,-1.6614,5.0832,7.625,5.8117,54.706,27.465,1.3007,-25.591,-60.156
31.446,13.618,0.23066,-13.488,-32.098,57.585,25.532,-0.18211,-25.6,-57.132
-52.171,0.84777,10.047,13.166,13.394,-32.826,-45.183,-6.0894,26.059,73.548
-66.758,-11.388,18.505,23.422,12.357,-26.401,-43.898,-12.838,28.549,76.438
-1.1337,-4.233,-2.4009,-4.9916,21.849,61.92,25.91,0.028149,-30.787,-53.324
63.833,-3.697,-61.522,-5.817,66.286,30.356,46.595,-1.5598,-50.92,-19.764
17.744,16.262,5.8093,-7.7863,-42.87,64.886,24.9,-2.7973,-30.84,-49.54
4.1459,15.798,11.647,-0.96068,-48.114,-69.044,-27.669,5.5299,37.715,43.279
-80.03,-8.9273,32.938,39.403,-31.588,27.276,47.213,21.023,-47.315,-64.495
60.803,27.081,0.22586,-31.886,-53.712,13.372,-5.4733,-4.4864,-11.588,19.997
-48.066,0.37183,9.6698,10.716,11.127,38.985,41.744,3.6896,-27.322,-71.022
-58.246,-23.819,2.4488,21.061,58.745,35.957,16.546,3.0886,-21.224,-33.56
18.239,-20.392,-63.134,62.839,22.45,55.081,-67.098,37.224,32.599,-61.895
73.273,-8.3274,-58.867,-12.275,70.387,26.629,62.331,0.49886,-60.916,-30.032
-4.0503,3.5868,2.0923,7.5554,-19.499,61.975,26.037,0.63092,-31.55,-53.35
-56.1,-28.355,0.011607,25.95,59.657,-15.822,9.1482,3.8057,4.67,-10.518
25.776,-6.6741,-2.4955,-7.5863,-0.40514,52.674,31.316,0.55579,-25.368,-62.612
-46.967,-59.903,10.01,62.031,25.257,-61.603,20.831,44.882,7.8979,-69.898
-74.151,-35.15,20.384,41.426,25.909,9.2225,-38.234,-26.689,17.438,76.225
-61.338,-5.4847,15.687,19.464,12.007,27.329,45.873,10.452,-27.474,-75.117
-12.67,-34.846,-18.034,15.196,74.415,-76.736,-27.208,16.037,41.167,27.755
-49.282,-31.693,-4.2521,25.718,64.76,-36.35,3.2986,10.441,7.5049,4.2332
-56.427,-4.2682,12.769,15.886,13.355,31.185,44.595,7.0327,-27.083,-74.34
27.286,-52.288,51.363,21.28,-66.308,53.326,19.643,22.175,-58.952,-23.586
-50.262,-14.997,7.4942,23.511,23.132,-50.354,-27.375,-4.8424,23.433,65.281
-45.583,-26.279,25.197,15.288,19.008,-13.093,47.664,24.853,-23.367,-76.01
-21.362,-32.417,-26.845,33.764,67.656,80.691,20.488,-26.826,-44.073,9.6225
-57.484,-27.522,-0.65033,27.786,58.082,17.3,-5.1019,-4.3659,-8.7761,11.266
67.328,22.134,-4.2233,-30.47,-48.008,-34.393,-27.607,-4.7131,15.831,59.727
38.182,-3.0367,-7.5083,-11.423,-3.8334,-48.258,-34.932,-2.3974,25.998,65.921
-20.217,59.45,28.836,-42.158,-63.491,53.621,28.834,-44.349,-34.708,38.128
-53.17,-27.706,-2.6712,25.188,61.964,-31.943,-5.7103,6.7402,11.846,10.115
-3.1667,5.6056,4.4854,5.6766,-23.63,61.165,26.298,-0.76114,-30.116,-53.404
2.9965,13.781,7.023,-6.0037,-28.579,-59.931,-26.338,2.6734,26.413,55.13
-61.696,-12.786,62.696,18.697,-63.808,-13.021,59.58,18.603,-50.38,-37.486
12.867,-46.93,-28.535,24.689,78.113,66.624,31.794,-26.258,-35.741,-12.096
6.9854,11.346,10.512,1.1676,-46.557,69.96,27.308,-4.0777,-39.564,-42.001
-25.5,-35.615,-19.65,24.67,79.294,79.168,22.839,-19.478,-34.639,-24.143
34.549,42.232,7.7084,-25.251,-74.823,68.914,13.776,-9.399,-26.55,-32.734
27.146,22.215,7.1244,-13.014,-53.115,66.725,23.594,-4.7368,-30.529,-48.222
41.279,1.0336,-9.4311,-13.41,-6.794,48.064,33.761,3.4413,-25.696,-66.231
38.141,36.432,3.4888,-21.838,-66.177,67.689,17.013,-2.7919,-26.958,-47.924
18.453,58.509,14.721,-55.676,-50.621,70.433,2.3312,-46.234,-23.395,52.454
-3.6306,-78.771,35.029,68.304,-42.251,63.595,-22.851,-73.632,34.782,50.997
42.337,20.865,0.10828,-19.102,-45.58,-58.604,-24.307,0.18126,25.414,56.367
-62.973,-25.32,-0.28271,32.372,51.82,-0.019424,4.153,1.2583,8.1402,-22.321
12.22,-54.548,-4.7568,54.711,-3.6609,66.02,6.9955,-74.919,-4.0472,68.063
-36.819,-21.45,-9.3577,17.735,56.668,65.849,23.916,-7.4966,-26.903,-49.918
-59.396,-22.047,1.2381,24.457,53.176,-50.654,-26.824,-0.86962,23.586,57.652
-18.693,7.0201,-0.2392,3.2174,0.89445,52.355,33.237,-1.0761,-25.844,-63.56
44.882,32.76,4.9655,-21.441,-70.196,-63.757,-16.347,5.2327,29.217,35.599
24.422,26.558,1.211,-16.425,-42.775,62.126,19.947,-0.69242,-23.623,-55.038
-79.318,-22.168,21.673,33.808,23.778,23.227,34.82,22.214,-23.277,-79.51
-65.692,1.317,49.976,-22.834,12.277,-17.603,-58.003,9.8621,57.017,1.1978
-20.973,-15.387,-4.8223,8.9665,40.691,63.143,25.012,-2.3934,-29.434,-51.203
-59.896,-14.214,19.173,19.87,15.537,7.7734,49.872,14.459,-25.376,-76.725
55.923,13.082,-7.4321,-25.628,-22.708,-46.32,-32.578,-4.8022,23.643,69.101
-57.95,-13.867,3.4526,23.46,37.876,48.74,33.152,2.479,-24.163,-66.415
-75.077,-14.96,40.368,37.146,-39.046,12.877,36.052,24.784,-44.71,-43.009
37.272,8.0869,-9.1929,-15.189,-12.721,53.113,26.163,4.3887,-23.88,-63.168
-39.234,-3.1165,13.664,11.532,5.2729,-50.515,-30.024,-5.1703,26.261,64.192
-9.2116,-6.8651,-4.8239,-2.8851,34.103,65.281,26.139,-0.9666,-34.848,-48.823
-44.892,13.486,24.569,14.834,-48.318,55.732,44.975,-1.2586,-45.746,-52.137
-30.447,-40.405,-13.147,23.726,77.086,-73.642,-16.916,13.903,29.294,32.569
-33.206,-31.856,-20.449,23.825,76.629,73.909,18.271,-21.153,-25.813,-30.095
58.93,24.797,-0.53949,-25.791,-56.236,42.074,19.641,0.58583,-18.394,-45.289
-21.944,-24.128,-5.3371,15.181,43.527,63.497,20.972,-2.6982,-24.557,-54.002
0.034128,-52.747,95.281,-52.623,14.839,66.366,-72.181,9.8361,46.166,-38.83
-58.442,-25.279,0.42988,26.153,56.187,-40.52,-17.798,-0.42587,16.93,42.755
75.49,20.9,-14.338,-33.848,-27.889,24.562,38.151,15.114,-23.264,-76.889
49.909,26.637,5.8251,-22.635,-66.063,-54.282,-17.54,8.096,25.009,28.699
-54.733,-29.273,0.89117,24.201,60.937,-43.586,-12.059,-1.9416,17.318,38.679
-69.953,-23.025,12.452,26.296,45.839,-21.586,-23.452,-16.603,16.525,57.609
-20.703,-5.4315,1.0495,9.2705,11.982,-57.277,-26.187,-0.42634,26.529,57.441
9.368,27.072,17.936,-12.549,-64.998,74.474,27.424,-11.927,-37.094,-37.475
-7.549,-9.4071,-7.2492,-2.6395,41.501,68.938,26.327,-1.5677,-39.324,-43.458
-42.489,-38.408,-4.1997,24.914,70.583,-54.442,-6.6084,7.0465,20.605,21.017
23.418,-79.717,-5.504,81.57,-16.609,43.19,7.836,-54.661,-0.58983,44.768
-18.096,-14.45,-13.895,9.3888,46.813,65.684,25.345,-8.4807,-27.493,-49.595
-40.761,10.709,37.881,-54.508,49.432,71.722,-98.004,92.301,-59.892,39.236
-49.826,-23.832,-4.6262,18.096,66.587,-62.546,-23.31,4.7915,34.39,36.935
73.485,-4.8352,-43.729,-27.946,58.471,41.077,55.058,3.8189,-56.337,-45.571
52.193,-25.043,-47.107,-1.0761,74.856,52.387,54.788,-14.443,-48.545,-37.839
-18.688,6.6045,5.5697,9.673,-17.739,58.003,28.572,0.46152,-29.859,-56.646
-24.063,-38.219,-7.3545,42.977,29.04,69.188,-0.58229,-62.344,-9.9698,64.44
-62.028,-25.862,2.1785,29.289,52.557,-2.715,-8.048,-7.5264,-0.23426,29.45
41.328,38.626,4.7814,-26.214,-70.956,53.449,6.4793,-9.9332,-19.13,-14.39
-27.834,-14.53,-1.7946,8.9092,39.651,61.687,24.941,-1.155,-28.89,-53.53
-25.932,42.591,32.211,-14.528,-80.715,60.765,44.622,-23.202,-36.912,-32.798
-58.251,-24.863,0.72432,25.227,56.322,19.631,10.59,1.5983,-9.5697,-24.26
-54.305,-23.503,-5.2434,24.18,61.35,-54.63,-21.934,5.4722,21.371,47.063
32.065,12.908,0.19657,-13.983,-30.538,-57.251,-25.676,0.097068,25.348,57.65
48.018,32.655,2.0269,-22.939,-67.266,55.702,13.918,-3.1673,-26.193,-30.355
60.245,24.48,-0.60619,-27.064,-54.707,26.35,15.906,1.2107,-11.301,-36.441
65.615,25.2,-3.0111,-32.29,-48.384,13.383,15.923,6.9324,-5.7396,-42.635
-37.217,-8.5583,19.353,3.8279,10.237,0.17894,56.093,9.3132,-24.229,-73.999
33.578,7.2981,-3.7995,-16.489,-12.064,53.809,26.896,2.0002,-24.29,-61.458
-30.138,-45.997,-19.354,44.898,66.897,76.729,9.6857,-30.824,-37.317,27.266
-43.452,-6.0438,8.7617,16.011,10.706,48.301,32.593,3.539,-25.741,-66.42
-63.031,-24.178,4.2519,26.526,52.92,11.666,13.512,10.159,-7.8002,-36.013
18.967,8.9216,-65.264,6.5191,69.321,9.7378,-55.61,-2.8877,45.496,12.849
-23.382,7.9825,0.8566,3.8008,0.95412,50.606,34.947,-0.71791,-26.161,-64.869
-41.673,-60.447,11.234,56.015,29.06,57.136,-28.474,-46.986,2.3343,75.16
-16.723,-23.273,-20.335,15.595,61.38,71.42,24.726,-14.653,-27.716,-43.299
-75.758,-20.962,35.306,41.3,-23.71,2.8893,46.985,26.65,-38.518,-65.838
-61.66,-26.071,0.026863,30.916,53.338,2.4523,-4.3581,-2.0958,-7.1038,20.748
-74.975,-11.015,29.274,37.054,-18.157,-19.973,-44.235,-23.185,37.708,70.157
-44.159,-37.588,-2.5051,24.517,69.655,51.16,5.6417,-5.6445,-19.677,-18.853
29.907,-43.851,-35.459,21.258,73.568,44.777,31.948,-24.065,-24.295,-14.915
-49.283,-1.9857,8.447,16.441,10.903,42.549,38.817,3.8793,-26.218,-70.114
-54.948,-27.468,0.52397,24.491,59.141,-56.474,-21.158,-0.53762,24.386,51.871
65.94,25.871,-1.1212,-36.326,-48.025,5.5414,8.9342,3.6476,5.9856,-34.343
43.446,14.509,-2.1525,-21.727,-27.254,53.489,26.335,1.5557,-23.013,-61.948
-62.715,13.955,54.606,6.3566,-70.258,26.341,61.127,-1.3902,-46.269,-49.706
-12.65,-11.93,-14.9,6.1412,49.716,74.262,24.915,-6.7028,-50.663,-16.846
-9.9644,12.064,11.966,-0.35941,-28.585,59.457,28.108,-2.9104,-27.928,-54.991
26.675,35.04,22.526,-24.047,-79.022,77.307,18.465,-21.511,-29.195,-27.302
56.343,-21.511,-37.126,-7.5697,64.392,47.917,59.292,-5.5209,-63.035,-30.997
-52.21,-26.348,-3.874,23.418,63.734,-45.524,-14.058,6.0147,21.295,23.115
-38.335,-61.174,0.98602,56.435,45.025,59.518,-16.832,-38.375,-11.855,62.903
-29.565,-24.524,-10.856,12.363,65.485,74.598,24.1,-8.0816,-40.172,-36.898
-20.254,-26.305,-21.75,16.837,71.002,78.081,25.313,-17.192,-40.415,-25.794
22.014,22.218,28.255,-47.806,-28.151,75.731,17.434,-37.456,-37.845,29.743
50.333,27.568,6.4066,-23.51,-65.778,48.256,12.1,-10.811,-19.15,-21.909
-63.815,-28.698,3.4415,33.781,49.718,8.7358,-12.912,-12.477,-2.939,38.114
-64.631,-25.743,3.6076,31.645,49.022,-7.3399,-8.5061,-8.9984,0.31648,35.57
-29.564,-43.339,-13.091,27.753,75.548,64.554,6.5816,-17.81,-21.028,-12.963
28.795,-77.418,-10.539,79.451,-12.931,63.387,19.338,-84.605,-5.7588,68.907
-15.33,-7.4028,-0.8327,6.2451,18.905,57.924,25.613,-0.22952,-25.832,-57.116
54.126,-12.802,-37.937,-13.924,59.198,58.566,46.18,-1.7255,-53.373,-43.09
-71.504,-20.001,3.0106,36.266,40.926,37.023,33.624,3.4294,-17.197,-68.51
-33.895,-54.134,26.587,55.553,-15.169,49.475,-34.356,-51.435,20.305,64.283
66.727,23.949,-6.5124,-29.777,-48.325,41.714,22.86,7.3512,-17.502,-60.617
-33.374,6.9145,3.7432,6.4656,3.6757,47.03,37.543,0.27764,-26.296,-66.938
-46.374,-26.76,-0.6598,17.405,61.833,65.242,22.772,-0.6406,-32.366,-49.481
5.3392,3.9207,3.6173,3.5362,-24.955,61.601,26.468,-0.56588,-30.704,-53.136
-53.369,22.601,46.142,5.4983,-64.114,36.174,53.764,-10.001,-56.97,-14.911
51.37,30.039,2.692,-25.891,-63.023,34.912,4.0077,-7.2887,-9.8718,-12.451
-5.7671,-28.703,-27.902,36.523,42.804,-74.015,-25.646,31.563,48.893,-24.905
22.603,56.463,-14.548,-48.337,-10.299,44.573,-24.611,-52.223,13.856,69.899
-61.131,-2.3298,37.563,22.994,-40.883,10.127,60.346,11.293,-40.332,-64.636
-52.727,-34.06,1.2378,27.073,61.551,57.98,14.688,1.7521,-20,-52.516
23.755,-63.228,-27.326,56.349,37.321,-42.519,-32.638,63.169,28.128,-62.584
20.873,32.829,24.492,-33.976,-62.976,79.599,20.578,-25.979,-45.669,11.264
-70.07,-24.355,9.9924,30.287,45.122,21.158,21.357,15.377,-13.778,-57.212
-51.105,-22.246,-0.881,23.401,50.666,-56.817,-25.473,0.83843,24.491,57.032
4.4533,9.574,10.06,0.11165,-39.52,66.52,26.972,-3.11,-34.908,-46.999
-60.13,-25.923,0.64733,28.662,54.269,-4.5716,4.1889,5.8587,4.5452,-20.789
61.19,-50.454,-59.23,53.208,42.676,30.17,57.829,-50.417,-54.114,55.79
-26.957,8.1725,10.434,11.566,-24.785,-56.833,-32.531,-0.29385,32.786,56.95
-21.877,-56.319,18.51,33.652,28.465,41.439,-35.401,-42.651,12.925,77.296
-62.981,-23.064,4.9714,23.925,53.255,26.772,20.094,7.3443,-16.964,-44.219
-68.18,-25.023,2.4021,37.603,45.515,27.886,16.698,3.7619,-5.0652,-51.235
-23.962,-17.317,-0.94678,3.5856,46.457,66.874,24.038,-0.5233,-36.527,-46.975
27.626,-70.887,-22.132,65.388,18.916,60.647,18.599,-68.41,-25.133,65.526
-27.384,-59.023,49.633,55.223,-49.015,58.314,-45.154,-56.398,45.69,34.322
31.748,14.433,0.72862,-13.929,-33.985,58.12,25.123,-0.33577,-25.634,-56.589
-70.242,-9.5475,22.211,24.065,11.913,-25.687,-41.401,-18.747,27.135,78.226
-35.311,-3.0143,-2.4332,17.464,16.386,52.619,30.777,-1.1587,-22.978,-63.081
-25.712,-53.903,6.8213,46.29,26.806,59.404,-16.396,-58.164,2.7407,72.495
-38.914,-38.006,22.393,23.242,24.512,28.289,-45.082,-32.038,18.93,75.744
-4.8991,-74.198,18.405,71.526,-24.377,66.032,-16.772,-71.608,18.869,62.829
18.032,21.963,9.7348,-11.83,-52.655,67.933,24.916,-5.9386,-31.311,-46.445
-62.98,-23.947,29.587,36.119,-12.532,3.3266,-51.345,-24.932,33.488,73.829
-69.741,-27.17,4.1997,38.973,42.169,-6.6209,-12.076,-9.7473,-1.3035,46.55
-15.863,-18.624,-23.973,17.622,61.7,77.118,27.423,-18.119,-46.775,-9.1928
74.835,16.944,-18.521,-29.426,-24.767,-24.918,-39.115,-18.551,24.955,77.633
-76.662,-28.6,14.272,42.972,27.96,-9.5823,-16.006,-19.511,4.5964,62.374
-60.88,-23.818,1.0737,26.648,54.421,-13.958,-16.55,-2.458,8.1547,31.923
-28.761,-44.173,-11.406,28.932,75.418,-61.782,-7.375,18.169,18.537,10.191
-57.328,-25.657,0.2661,25.316,57.452,-35.233,-14.749,-0.23144,15.066,35.087
53.518,25.386,0.1104,-24.05,-56.083,56.19,23.202,-0.44023,-24.063,-53.868
5.9374,-47.485,-22.007,22.865,76.668,-54.027,-23.891,22.901,19.05,21.461
41.588,-49.422,-38.239,52.322,24.379,46.104,49.54,-63.005,-43.318,59.963
-29.749,-12.58,-0.9038,13.158,30.369,57.659,25.504,-0.45953,-25.328,-57.135
-70.069,-15.43,11.73,27.707,28.954,31.333,42.048,9.2352,-24.78,-76.605
23.294,38.889,13.858,-21.388,-77.284,75.519,22.285,-13.066,-35.164,-30.834
-7.6526,-12.418,-16.823,2.5247,56,74.171,28.564,-8.3348,-44.46,-30.621
-66.226,-11.192,9.3235,27.427,24.816,-34.728,-41.869,-7.4937,24.088,75.542
-8.0677,-10.004,-11.702,4.4337,36.731,63.078,25.649,-4.7996,-28.161,-50.941
21.781,53.576,15.615,-44.008,-67.271,70.136,6.0155,-30.278,-31.957,31.141
-6.9725,-20.638,-18.498,7.9078,60.78,-74.341,-28.539,10.745,40.725,34.928
-73.22,-23.108,10.466,31.007,41.262,25.455,29.416,13.109,-19.4,-65.709
-26.745,-32.966,-24.069,24.869,80.148,-79.438,-21.661,24.249,31.486,22.887
-22.787,-42.25,-17.982,29.346,77.775,68.79,13.233,-22.251,-23.417,-10.9
-53.979,-24.694,-1.9985,23.075,60.35,52.305,21.862,-2.1816,-24.243,-44.284
-76.943,-27.133,15.19,37.215,33.087,-16.699,-27.617,-19.736,16.25,70.699
-67.493,-23.187,4.3224,31.326,46.081,41.649,27.892,4.7821,-19.413,-64.43
-78.389,-25.205,22.538,31.887,32.014,-19.157,-28.031,-25.135,17.595,75.707
44.81,36.021,4.751,-25.31,-68.652,-46.293,-1.7447,10.05,13.232,13.287
-66.154,-17.906,1.1509,26.114,51.644,-28.044,-32.077,-2.5023,17.501,54.548
-33.216,-45.486,-6.0251,26.898,73.849,52.207,-1.8951,-11.079,-13.032,-9.1604
45.658,13.063,-12.695,-21.225,-14.757,-52.142,-24.818,-7.4965,24.017,64.457
-64.722,-22.308,1.8522,28.577,50.787,32.405,26.392,2.4394,-16.802,-53.007
-24.433,-35.915,5.0038,34.38,18.264,61.435,-10.887,-63.944,2.7321,66.819
19.487,30.333,24.677,-22.243,-76.799,80.339,24.952,-21.369,-35.701,-24.276
6.4358,12.469,16.586,-1.12,-55.528,73.821,28.704,-8.516,-43.477,-33.114
-27.658,-43.46,12.655,26.55,34.646,50.187,-27.768,-52.255,14.662,67.503
22.156,36.833,-64.48,-12.101,50.736,-29.898,56.36,25.287,-61.079,-7.2742
-71.411,-19.811,12.846,28.026,39.783,39.664,30.995,12.919,-22.521,-71.838
-55.742,-10.981,13.577,18.636,19.031,43.247,33.058,9.0316,-26.727,-69.78
-77.599,-23.303,20.09,50.143,-5.1944,16.552,26.796,22.876,-27.06,-56.96
-46.571,-30.762,-3.2677,21.637,67.531,64.172,19.894,-3.8405,-29.465,-41.47
26.959,45.078,11.432,-28.802,-76.128,65.64,10.406,-16.757,-23.874,-11.812
-48.962,-25.769,-10.739,24.691,66.889,48.627,13.6,-17.055,-15.051,-20.405
-61.244,-26.425,2.0249,28.712,53.696,-1.8008,-9.235,-7.1937,1.6894,27.621
-43.753,-29.127,3.3443,20.458,51.729,61.715,17.778,2.8205,-24.004,-56.629
-72.823,-27.537,24.52,50.604,-14.027,-10.326,15.337,34.279,-25.477,-34.775
8.835,-8.6126,-7.8917,-1.1622,17.398,58.193,26.118,-0.56997,-25.924,-57.669
8.8505,10.45,11.004,1.555,-50.283,71.385,29.042,-4.3141,-43.825,-37.227
-43.54,-33.924,-6.8122,25.773,69.594,54.799,9.9192,-10.834,-20.67,-17.182
-58.153,-26.006,1.0829,25.213,57.733,11.19,-7.774,-12.338,0.36243,18.106
-62.713,-23.85,3.5362,26.303,52.214,23.374,19.412,5.5885,-13.818,-42.937
-72.184,-30.262,22.945,39.457,16.006,0.75653,-45.738,-22.162,22.367,78.489
-50.88,-34.747,34.702,35.149,-12.307,-26.189,45.372,37.698,-28.488,-71.437
-39.311,-6.1903,8.8154,17.582,5.6255,52.016,28.974,3.8648,-26.037,-63.359
-54.428,-26.292,-2.2261,24.922,60.765,-28.254,-7.158,5.6245,12.706,8.6088
-68.035,-22.464,3.5883,31.361,46.609,-33.865,-27.476,-4.5887,16.998,59.721
-52.547,-24.595,-0.51763,24.367,53.884,57.087,24.701,-0.6953,-24.161,-56.786
28.76,32.104,8.6002,-19.65,-64.727,71.444,22.105,-7.415,-31.199,-43.217
29.041,-27.37,-42.945,14.057,73.552,68.338,37.807,-24.019,-41.716,-17.285
54.088,29.405,0.83711,-26.164,-61.18,-25.159,-1.0096,4.0093,9.5995,3.1342
0.14339,-13.366,-13.03,-0.75593,47.503,-68.707,-29.423,4.5426,39.177,43.724
-62.078,-25.637,-0.095683,31.507,53.331,-7.6092,4.3677,4.4537,10.229,-21.3
-19.622,-16.629,-23.548,16.016,62.694,77.944,26.796,-15.198,-46.772,-15.929
-48.871,-52.188,-1.8892,53.286,50.37,-62.183,5.2624,37.143,23.704,-54.08
57.138,6.9078,-13.499,-19.337,-13.162,38.381,39.591,7.4723,-26.6,-73.037
-8.4074,-54.595,5.5451,68.428,-26.595,-66.451,0.63357,67.32,-13.961,-33.681
-57.569,-25.433,0.22372,25.314,57.374,10.947,6.3155,0.88337,-5.8038,-13.44
-49.228,22.222,50.965,-0.9662,-66.693,-30.566,-50.567,16.798,48.076,7.4072
-30.081,-60.602,55.605,48.5,-50.673,61.749,-47.988,-57.379,57.552,26.829
-8.8715,-13.245,-7.2546,4.1952,37.995,64.12,25.92,-2.3869,-31.34,-50.221
74.594,18.799,-32.703,-46.184,28.751,17.425,22.834,24.416,-35.259,-38.614
-54.086,-30.184,0.44931,25.617,61.242,-17.362,5.6151,1.423,3.0086,-0.18148
57.493,4.1547,-44.517,-21.03,54.969,0.65531,70.675,13.246,-56.2,-51.079
32.909,58.078,3.7492,-62.383,-32.026,71.665,-8.8585,-53,-12.273,62.695
-24.534,15.74,16.402,7.2033,-43.652,61.771,35.499,-3.6194,-38.788,-49.787
-60.299,-49.815,10.324,52.63,36.658,48.112,-22.68,-37.807,-4.0473,67.417
59.439,27.449,-1.3247,-28.231,-55.757,3.9075,-10.237,-5.9936,0.037004,24.242
-44.092,-40.757,-0.034733,25.203,68.77,35.908,-7.2941,-2.7297,-9.2476,-5.2855
-69.45,-18.721,5.6819,30.796,41.5,-41.371,-33.969,-5.6893,21.258,70.296
-62.119,70.517,-33.424,-23.131,39.571,-2.5386,36.461,-91.572,71.376,-22.359
35.337,-82.661,4.0579,81.422,-40.236,55.543,19.138,-89.362,22.941,31.999
65.171,28.54,-1.5956,-36.83,-48.032,-8.2116,9.9368,9.1156,6.8788,-36.884
-9.316,-13.557,-17.692,-1.2058,58.051,-74.409,-27.382,11.499,43.178,33.527
28.798,44.367,11.216,-27.318,-75.7,60.548,5.9316,-16.614,-15.539,-16.949
-70.979,-0.6919,32.082,32.831,-39.337,-27.862,-54.722,-13.33,48.393,61.678
68.769,21.036,-11.456,-32.604,-33.217,-44.191,-26.206,-11.083,20.472,70.222
-73.794,-28.21,9.6168,40.862,35.888,7.0491,16.986,17.159,-4.4211,-57.813
-16.255,-52.124,28.559,57.104,-45.759,72.692,-18.18,-72.74,38.717,25.241
1.0205,5.6274,5.3803,9.4596,-37.549,69.896,27.109,-0.33602,-42.938,-41.223
-47.823,-21.699,0.41687,20.988,48.327,57.683,24.882,0.29687,-25.419,-57.272
-41.826,-35.07,-8.2675,24.03,72.31,62.608,13.79,-11.537,-24.649,-27.122
15.122,42.604,21.409,-28.107,-79.384,73.309,20.107,-23.325,-30.047,-13.674
2.9727,29.425,33.054,-15.651,-75.724,78.03,24.126,-26.51,-34.912,-20.322
15.759,31.178,16.352,-16.051,-71.616,77.08,26.915,-13.064,-39.076,-32.328
-33.237,-18.483,-14.413,50.261,2.8557,-63.843,-16.658,58.232,15.898,-41.862
-30.343,33.811,43.155,-19.621,-72.422,12.271,51.289,-23.581,-18.384,-27.706
-54.882,-43.439,-1.9611,47.242,51.702,52.793,-6.8236,-29.639,-18.482,45.648
60.226,17.14,-15.145,-29.075,-16.126,46.05,27.397,11.005,-23.808,-69.932
-19.791,-25.496,-8.1412,15.659,49.727,65.339,21.94,-4.8646,-25.736,-50.861
-4.163,-29.512,-33.689,17.111,78.768,78.277,27.551,-29.822,-30.981,-24.502
32.848,46.017,4.6037,-27.262,-73.37,49.151,-3.5112,-10.483,-10.027,-7.2541
-63.846,-24.966,2.2214,31.16,51.319,8.8702,8.1579,6.3154,1.5705,-32.763
-39.449,-35.533,-8.7305,23.723,73.677,-63.279,-14.33,12.843,26.69,21.324
44.344,-35.285,-49.477,17.402,73.42,44.284,48.948,-24.028,-43.075,-11.97
-56.495,-24.597,2.2375,19.237,61.123,-42.623,-15.83,-2.3202,26.976,29.562
54.296,8.2718,-4.3013,-20.774,-27.903,45.444,36.587,2.6618,-24.532,-68.553
56.61,27.553,-1.9557,-24.15,-58.819,12.628,-15.199,-11.929,4.8653,20.815
52.372,32.371,1.6055,-28.145,-61.775,-30.044,5.8122,9.151,10.325,-11.129
-68.922,-13.63,19.049,23.227,17.865,29.223,40.357,14.595,-27.706,-77.64
-11.647,20.203,13.839,-18.041,-14.626,63.278,13.251,-59.571,-24.879,48.914
-49.908,5.678,14.722,22.593,-23.963,-44.916,-44.004,-4.4271,37.404,63.776
-28.284,-55.045,-10.666,44.5,66.309,63.972,-4.7741,-25.732,-23.573,32.897
49.027,-4.8732,-12.446,-13.805,1.2612,-35.038,-45.295,-4.9336,27.369,71.817
26.485,-28.052,-35.409,4.7493,73.503,69.924,41.788,-19.172,-43.861,-33.464
29.054,-25.748,-30.215,2.9176,67.131,69.252,42.166,-12.836,-51.879,-28.353
-60.868,-13.601,52.531,34.68,-56.11,9.0281,-55.051,-23.046,49.827,36.263
-10.981,-10.393,-12.784,-1.8541,51.096,69.85,28.073,-8.0665,-38.205,-40.672
-4.6547,-10.046,-9.1839,-5.1598,43.883,-69.548,-27.233,3.7334,40.617,42.067
11.94,37.658,15.467,-64.187,7.0228,75.668,14.436,-49.656,-13.151,12.692
-13.386,-52.505,-8.4362,23.282,73.772,-50.212,-4.5043,11.917,15.014,14.301
-41.954,-14.204,0.75778,27.663,20.001,55.431,24.388,0.37106,-20.693,-61.702
-12.055,1.3032,11.669,8.9967,-21.985,60.717,25.26,-0.79792,-28.919,-53.839
-8.3259,39.692,29.495,-21.199,-77.9,72.416,32.901,-24.063,-37.936,-19.861
2.4058,6.4631,3.5721,4.8275,-29.028,64.4,26.124,-0.071304,-33.986,-50.27
-62.477,-25.303,3.5818,27.726,51.916,9.7422,11.927,9.1935,-7.252,-34.175
28.067,-67.265,30.977,48.925,-51.905,-10.418,7.4402,69.131,-40.997,-56.259
58.28,6.3574,-27.791,-31.415,31.833,56.397,33.43,6.9291,-42.837,-52.289
-40.804,-19.796,0.0071937,19.401,41.486,57.621,24.004,-0.15888,-24.131,-57.111
47.516,-2.82,-25.128,-23.537,45.577,64.61,37.615,0.51709,-55.764,-33.129
67.007,9.4384,-15.205,-26.588,-17.445,35.099,41.089,11.375,-26.182,-75.165
-5.5202,-7.5588,-6.4685,-0.64408,31.399,63.74,25.995,-1.1111,-31.883,-51.465
-63.607,-24.27,3.9863,26.969,52.067,-14.065,-16.421,-8.4422,10.518,38.821
-45.457,-32.592,-7.8782,26.015,67.928,46.425,2.5515,-15.468,-11.221,-8.9185
-37.316,3.2506,6.5206,8.6871,6.0113,45.872,37.41,1.182,-25.862,-67.378
-7.8504,-77.916,31.808,73.614,-39.922,62.181,-21.504,-67.129,24.464,48.671
4.0526,-27.699,-29.581,39.201,25.572,-69.884,-20.682,35.395,47.317,-29.435
-35.33,10.593,4.0158,4.5903,1.2378,35.224,46.116,-0.345,-25.647,-70.79
-40.628,-9.4622,-15.282,17.246,54.863,36.128,-5.6532,-53.469,65.985,-46.022
50.233,24.51,5.1226,-19.388,-66.355,60.922,21.971,-5.9905,-29.708,-39.338
4.8915,-76.087,2.4111,79.054,-14.111,64.461,-1.4148,-68.56,0.66477,53.117
8.0911,8.5695,16.355,-4.4815,-45.326,74.559,25.84,-7.9977,-55.097,-7.6657
-1.8111,-45.492,-26.019,49.876,41.447,73.977,17.546,-48.556,-37.59,50.115
77.666,21.918,-20.16,-36.215,-24.262,29.235,28.86,20.144,-19.242,-75.322
-53.036,-5.1976,18.175,14.095,4.2933,-20.883,-49.696,-8.1513,28.094,73.928
-61.33,-3.2041,-37.302,59.858,28.423,26.653,45.316,-61.31,-29.816,58.384
-9.4651,16.545,12.843,-0.39923,-40.799,63.007,30.077,-4.2872,-32.67,-51.022
64.812,-28.392,-66.831,29.237,56.299,22.406,66.095,-31.095,-64.951,32.589
-58.201,75.116,-61.72,19.061,3.6485,11.163,-38.469,79.558,-84.813,61.889
-42.296,-53.816,1.8735,42.899,58.105,50.566,-14.38,-31.706,-10.673,50.179
36.083,35.636,14.652,-26.093,-75.915,-69.219,-15.475,17.245,27.528,21.034
39.482,27.715,-2.4552,-16.754,-52.036,63.418,19.175,2.3677,-27.84,-54.17
-67.52,-34.325,22.214,57.782,-13.992,-30.084,22.517,42.908,-20.81,-50.419
-66.956,-24.323,4.7368,30.616,48.603,-15.135,-20.425,-9.589,10.216,48.102
-65.37,-26.732,3.3614,32.283,49.936,6.1918,19.338,7.8159,-5.633,-43.467
-2.1135,-13.319,-12.003,1.5389,43.083,65.833,28.141,-4.695,-34.127,-47.469
-74.336,-11.239,24.867,35.325,-10.56,28.053,42.598,19.746,-36.843,-72.45
11.618,15.038,13.388,-0.70997,-54.262,73.304,26.415,-8.5612,-40.885,-37.865
-70.278,-37.828,13.532,43.869,36.097,18.843,-24.579,-26.104,2.7196,64.939
-67.13,-25.015,38.901,48.135,-29.703,-17.056,29.866,30.973,-22.261,-44.112
-56.74,-25.365,-0.28145,25.058,57.793,43.281,18.652,-0.55981,-18.557,-42.432
16.437,-10.085,-26.795,3.1418,44.061,-70.86,-29.705,7.8052,56.804,9.2002
-57.425,-17.186,2.6475,26.585,37.219,50.008,29.762,2.1057,-22.529,-65.672
21.867,28.499,18.204,-19.771,-63.723,72.567,20.796,-12.386,-26.314,-44.788
-17.09,-10.248,-23.192,21.22,39.921,74.769,23.802,-17.847,-53.641,11.155
8.0221,-50.562,-23.47,22.247,76.44,57.46,23.437,-23.79,-28.603,-10.065
-74.308,-24.616,16.944,29.662,34.996,14.375,39.691,17.589,-22.482,-76.193
-32.133,8.7328,7.2153,11.514,-14.16,50.772,36.235,0.18902,-29.041,-63.176
-67.485,-25.846,7.6399,31.911,46.293,7.7622,12.266,15.184,-3.1307,-45.368
36.979,31.123,4.4152,-19.213,-65.303,-69.038,-20.813,3.6603,33.007,41.554
-57.249,-28.408,0.13942,28.035,57.65,17.491,-5.5698,-6.9512,-6.7005,16.012
42.86,41.81,-0.028224,-26.878,-68.878,37.833,-5.6714,-4.4651,-8.4302,-5.2061
-48.342,-33.594,-0.45807,23.495,66.013,-52.277,-13.171,0.97893,22.64,34.765
9.8903,38.258,24.675,-21.459,-78.963,-75.321,-24.109,23.188,31.46,24.874
72.765,27.048,-6.2534,-41.645,-36.746,9.0595,14.827,14.012,-3.2697,-53.428
8.4555,-7.9196,-8.4021,-3.6049,24.987,60.372,26.953,-1.1097,-29.539,-54.183
-72.04,6.5645,54.253,-54.737,58.44,1.2193,67.664,-32.205,-32.319,-5.3667
27.048,21.325,8.8779,-12.545,-58.803,70.942,25.671,-5.7216,-36.138,-41.934
-51.624,-33.155,0.52203,25.635,63.435,-23.693,7.1458,0.79252,5.5072,0.94646
-76.152,-23.487,21.774,50.511,-9.4398,-10.849,-23.383,-23.704,24.735,50.564
30.795,-35.18,69.418,-57.358,7.6638,40.393,43.957,-26.882,-57.301,33.588
-13.381,-47.05,-28.064,45.714,64.644,-79.355,-16.216,36.379,41.769,-27.99
-42.874,36.221,33.487,-72.496,46.376,-6.6605,-41.568,78.675,-8.1115,-49.146
25.729,-41.854,-20.769,50.724,-3.1103,78.205,-52.686,57.052,-34.591,-26.258
-56.553,-24.939,-0.62825,24.548,58.379,-33.548,-13.895,1.049,16.784,26.545
-66.8,-5.9232,55.261,22.697,-53.159,44.248,30.601,9.7258,-42.148,-41.679
-60.949,-7.6371,1.6435,5.2316,62.229,34.37,49.273,0.34562,-44.877,-42.802
-67.287,-6.7324,30.366,14.569,5.4934,26.208,36.965,22.366,-28.029,-76.975
75.109,25.2,-16.261,-51.812,0.10977,8.0516,21.401,22.858,-18.422,-53.586
-34.171,-39.054,26.288,22.271,15.839,26.963,-45.165,-32.096,21.314,75.14
-35.148,-8.9402,81.225,-74.405,37.315,-44.881,74.631,-32.02,-43.926,47.439
2.607,9.0188,6.3764,3.1072,-30.237,70.159,22.368,-9.6644,-56.359,-4.836
-62.653,3.6804,24.48,27.864,-35.334,43.669,47.688,8.2605,-46.62,-60.167
-7.1312,-35.219,-5.2591,66.725,-40.05,71.478,10.842,-72.005,12.328,20.351
-35.844,-9.8216,2.9297,16.333,19.416,53.811,27.356,1.2608,-24.177,-61.537
80.477,21.995,-25.995,-31.731,-17.486,21.492,33.96,26.509,-27.421,-79.833
-59.44,-18.677,1.5163,16.557,60.343,39.833,27.02,0.27868,-27.835,-39.147
35.261,-23.54,-24.982,-8.0272,59.991,-60.48,-46.411,7.6796,48.615,43.546
-57.844,-42.337,2.7482,44.661,48.972,-41.681,12.979,28.344,11.018,-49.874
4.8063,21.734,17.154,-10.926,-51.082,66.299,27.558,-10.247,-28.3,-48.077
-56.959,-29.737,-0.21322,29.658,57.448,-19.383,8.7139,4.5803,8.7773,-17.579
-49.525,-18.737,2.3024,20.903,41.472,-54.255,-26.599,-1.7274,24.879,60.467
-8.3844,-9.839,-8.4628,-1.7569,44.31,-70.434,-26.798,3.1513,39.985,41.325
31.416,37.024,6.5601,-19.654,-69.756,-73.079,-18.681,5.5865,33.09,41.099
-16.672,1.6819,4.3187,8.7852,-9.4053,57.621,26.63,0.89217,-27.921,-56.962
-9.4595,53.011,20.539,-26.064,-74.349,48.624,21.451,-23.1,-20.884,-8.2304
29.097,-40.908,-33.593,14.65,76.964,-59.799,-44.511,20.096,43.479,25.635
-63.678,-16.328,-0.58621,24.309,52.22,43.911,37.747,-0.81883,-23.623,-64.41
18.565,-6.2421,0.58017,-4.1779,-1.1298,54.611,30.616,-0.57642,-26.081,-61.612
17.596,15.972,5.4473,-7.4682,-42.586,64.898,25.417,-2.3282,-31.5,-49.872
-43.291,-38.559,-3.9436,26.972,69.92,-47.007,-1.4488,10.739,13.214,8.2532
-17.807,-20.419,-23.153,57.527,-6.2059,72.88,16.891,-54.355,-19.884,32.922
15.26,-19.032,-17.534,1.3581,44.681,-62.517,-32.21,5.9552,33.128,50.771
-12.653,-10.595,-12.642,0.97962,51.045,73.569,26.467,-5.5598,-46.457,-29.83
11.507,19.971,-6.2093,-11.152,-15.432,58.905,19.998,3.2816,-22.923,-59.476
-46.751,-30.943,-6.4078,24.751,67.77,-49.064,-10.493,12.44,19.347,13.528
-75.159,-23.564,41.349,40.707,-30.772,-3.222,-38.101,-27.437,44.645,41.694
-36.48,-45.109,-2.6758,27.489,71.878,-45.304,6.1868,7.2142,9.5972,5.0587
-26.508,-40.367,-20.997,32.109,74.806,78.622,15.171,-20.571,-41.123,-1.9066
32.572,-4.9119,-11.421,-14.249,16.959,53.646,33.764,1.8401,-30.741,-61.566
-16.355,-34.161,-16.674,19.21,71.962,75.96,24.925,-13.417,-33.859,-36.58
-51.361,-40.426,4.5926,35.918,50.983,55.638,-55.373,24.853,30.33,-56.441
-22.71,-16.831,-28.689,16.715,75.244,80.004,28.737,-26.146,-32.754,-25.155
2.4185,13.271,8.4802,-5.1681,-31.236,61.359,25.872,-2.48,-27.918,-53.486
-60.233,-27.18,-0.23663,30.912,54.371,14.139,-3.9458,-5.9206,-10.556,20.275
-6.2237,-4.6493,-9.8414,-3.6057,38.754,72.94,24.615,-2.7226,-52.745,-18.082
57.11,36.125,-10.668,-37.774,-37.628,36.372,-31.059,-38.019,2.2012,68.676
74.788,18.233,-26.468,-42.904,13.908,-16.086,-35.167,-22.439,35.059,55.613
58.206,21.002,3.6129,-31.705,-47.567,54.572,26.121,-3.9623,-17.424,-61.683
-42.322,-36.75,69.665,29.391,-67.706,-39.366,60.692,26.737,-47.72,-30.532
33.825,43.461,5.1723,-24.762,-73.697,-57.627,-7.6714,9.6084,21.289,18.622
21.744,-27.484,-36.446,27.022,44.558,70.861,36.018,-25.796,-57.527,13.11
1.3182,-56.678,-16.033,31.555,72.18,51.299,10.823,-24.323,-22.495,13.361
-51.451,-17.132,20.787,16.807,15.188,4.281,-50.348,-18.948,24.06,74.89
23.224,-12.363,-25.054,-6.2739,52.305,69.181,32.787,-5.5638,-46.92,-35.335
-7.4527,-43.644,26.005,20.232,1.5242,-37.209,33.695,45.795,-21.661,-68.872
-46.525,-24.827,-13.964,23.413,70.085,-61.564,-18.611,19.201,25.08,22.033
-17.849,13.769,-33.215,9.3397,37.416,71.677,27.06,-8.9636,-61.733,6.1961
72.038,27.049,-9.2958,-37.636,-38.888,-5.8225,-20.242,-16.684,6.4528,56.683
-57.372,-24.689,-2.9585,27.497,57.622,-21.397,-2.9744,11.52,10.822,-9.0409
-68.268,-28.696,3.8228,39.811,43.168,2.6279,12.199,10.618,3.3573,-46.693
70.428,25.619,-3.7343,-41.314,-40.658,20.361,14.031,6.9833,-1.1207,-50.955
35.12,-0.57512,-17.408,-18.527,27.097,-59.747,-30.95,-3.6111,38.074,53.992
-53.864,-30.307,-2.1343,28.697,60.246,31.823,-1.0908,-9.4684,-14.46,10.654
-62.661,-14.436,7.0638,23.723,34.482,-34.134,-41.667,-4.6518,24.155,72.114
-32.366,-15.666,9.7176,3.1667,36.375,59.19,23.111,4.573,-29.641,-56.315
19.568,26.711,19.289,-18.259,-62.424,-70.478,-24.354,15.49,24.66,46.15
36.183,27.618,-0.95431,-21.421,-44.94,-61.171,-19.933,-0.89413,24.404,55.21
28.187,-56.609,-37.026,51.335,49.248,58.127,39.05,-43.14,-46.382,34.238
-62.507,-43.927,21.844,38.025,33.46,-28.803,35.886,35.511,-12.44,-76.656
13.12,23.637,19.037,-13.102,-66.511,76.318,27.381,-12.282,-40.895,-29.936
-26.767,26.839,27.211,-3.9331,-60.054,61.576,41.502,-10.898,-38.232,-48.135
12.32,-74.387,-8.4717,71.143,9.0663,65.898,10.159,-71.691,-11.842,68.822
-71.351,-25.907,12.183,30.211,42.623,-14.989,-24.786,-17.341,15.802,60.774
-12.791,29.275,28.03,-9.896,-70.738,73.984,35.851,-16.702,-43.308,-31.312
-16.38,-56.919,-11.106,67.208,18.416,74.117,3.6499,-55.11,-21.074,59.516
-76.436,-29.775,18.18,37.464,30.851,3.4162,25.084,28.46,-15.125,-71.243
-29.578,-57.959,5.3962,70.025,2.0176,60.388,-23.752,-42.664,-4.8518,52.619
-20.955,-22.706,-12.676,12.872,59.94,72.073,24.916,-8.4924,-34.927,-40.078
-48.694,-57.679,10.524,51.293,41.172,53.887,-31.348,-42.564,-1.938,77.452
-71.421,-3.5779,64.019,-5.6751,-30.285,11.208,25.536,3.103,-47.598,22.821
73.887,26.606,-13.569,-35.426,-37.531,16.28,15.648,19.831,-8.8179,-59.572
-4.7851,-4.7522,-2.9529,-7.5946,32.17,67.866,26.558,0.50303,-39.928,-44.964
-21.999,-48.462,-8.4147,26.435,75.33,59.399,6.9828,-12.553,-17.611,-18.585
-66.236,-28.183,0.2003,39.123,47.085,-9.4517,7.2149,8.2058,9.9577,-34.423
-51.546,8.5215,17.521,17.81,-24.411,36.739,49.033,3.681,-34.583,-68.036
50.932,35.131,1.3823,-29.214,-63.626,35.182,-5.4429,-10.42,-10.827,11.478
-67.778,-26.938,7.2066,34.687,44.898,-2.4774,-8.1006,-14.172,-5.1447,44.459
-53.066,-21.924,-0.16552,22.876,51.683,-55.426,-25.562,0.20297,24.943,56.151
-48.109,-55.838,6.6261,56.825,34.064,-50.762,16.786,35.138,8.5387,-59.804
36.58,29.568,5.4677,-20.341,-63.09,67.824,22.409,-5.2451,-29.057,-46.325
10.214,0.1459,-3.8356,-10.278,14.29,60.455,25.984,0.69374,-29.665,-55.271
-22.665,-30.557,-8.4648,13.568,66.174,-72.764,-25.1,6.8795,37.142,40.475
-21.734,30.255,28.797,-60.767,23.422,55.235,39.976,-63.417,-21.273,28.646
-66.97,-22.205,1.3443,55.295,13.871,28.804,10.104,-3.485,-23.22,-3.1133
54.97,16.299,-5.1981,-27.798,-25.324,-49.806,-28.916,-4.1898,24.116,65.826
-31.907,12.583,15.852,5.3325,-27.798,51.192,38.249,-1.6833,-30.652,-61.466
-65.677,-23.359,8.974,23.813,50.961,-14.403,-17.606,-16.327,14.571,44.546
-39.735,-49.764,-0.87122,39.749,59.38,32.56,-36.751,-7.8341,37.034,-18.571
63.757,-25.585,-50.622,-1.1828,76.857,37.288,68.3,-12.934,-65.314,-18.932
-63.681,-24.022,2.4371,28.797,50.703,-36.599,-24.064,-3.0106,17.449,53.898
-35.279,-35.61,-6.6591,22.507,64.947,69.419,15.759,-5.1633,-23.871,-49.504
-49.746,-30.877,-3.0403,25.312,64.719,-43.297,-7.7939,6.0347,15.943,18.592
41.667,46.808,3.5903,-36.791,-65.685,50.651,-6.3049,-16.165,-19.895,24.225
-24.648,-20.605,-5.2813,10.276,51.503,68.368,24.28,-2.6183,-34.748,-45.913
-47.216,-21.15,29.377,20.477,-4.2056,-14.29,52.419,23.564,-26.581,-72.978
44.772,48.889,-26.248,-61.992,25.499,-55.649,23.992,54.005,-23.334,-42.347
-57.466,-25.239,0.18725,25.219,57.158,-0.59582,-1.2946,-0.55098,0.33472,3.3218
-54.676,-11.991,18.331,17.147,18.448,45.312,29.498,11.095,-24.681,-69.837
-51.506,-34.432,1.4037,25.54,64.405,20.279,-9.8726,-0.89062,-1.6719,1.2536
-54.139,52.196,51.932,-58.656,-27.683,36.006,54.262,-60.625,-47.493,60.997
-41.683,-31.13,-12.722,26.331,72.726,64.598,16.794,-15.828,-28.719,-15.596
43.829,38.382,3.6416,-25.37,-69.485,48.265,2.8863,-8.8501,-16.516,-13.471
-44.02,-38.962,-2.2026,25.154,68.825,-44.053,1.7651,5.9423,13.082,11.812
76.247,23.744,-15.177,-41.186,-25.356,-22.69,-21.909,-17.155,12.276,64.628
32.018,-10.218,-9.7768,-9.4817,19.745,-50.78,-36.908,-0.27466,30.193,62.968
24.822,-38.174,-39.784,27.045,67.447,-18.528,-39.486,26.324,19.312,6.4308
-56.435,29.751,59.839,-41.61,-32.944,31.936,58.358,-30.05,-64.199,34.155
66.434,26.303,-5.4311,-33.118,-47.843,2.1041,-11.493,-15.111,-2.3786,42.28
22.588,52.608,5.5145,-30.71,-71.542,48.666,-2.8043,-15.716,-14.59,10.875
-63.96,-46.178,11.395,59.549,19.068,37.574,-24.909,-29.538,0.18119,61.047
-39.816,31.011,-1.1646,-24.444,30.105,18.904,29.472,7.1524,-14.002,-59.917
7.3634,13.501,-14.072,-5.557,2.8357,-13.196,-49.122,-9.8414,23.048,68.544
-70.112,-36.671,13.171,42.111,37.645,-18.643,23.725,26.977,-3.6681,-63.203
-6.8457,-15.695,-17.617,11.876,40.24,72.9,22.016,-21.039,-49.598,3.2886
-0.3629,-34.752,-27.455,20.857,74.724,-76.811,-30.295,22.818,42.018,14.697
38.964,-32.972,-44.634,20.637,65.745,19.196,40.747,-18.224,-20.487,-21.99
-24.244,18.709,20.309,6.9297,-56.172,68.223,38.866,-6.6178,-48.536,-39.749
39.527,31.343,5.4908,-22.84,-64.088,66.147,21.282,-5.4291,-26.493,-47.424
-19.048,-21.75,-14.37,11.981,62.307,-70.925,-30.521,8.6626,39.771,38.897
-35.487,-38.005,-8.1726,22.393,75.343,72.053,18.649,-9.2133,-32.04,-34.117
-14.365,-58.557,-9.7148,38.273,66.482,-54.853,-6.0277,27.862,26.966,-30.074
32.429,-64.307,2.5085,31.52,21.842,-11.239,-7.9012,62.471,-8.1936,-75.053
51.879,15.683,-7.219,-23.426,-25.089,47.716,29.508,4.5694,-23.836,-66.042
-49.15,-33.338,-1.9718,26.008,65.083,37.336,0.80467,-6.3917,-10.995,-8.8581
-38.283,-62.471,70.848,-14.22,45.472,55.163,-49.986,-11.318,47.333,-29.581
-65.504,-21.905,2.9054,29.984,46.099,-45.542,-29.623,-2.959,21.488,65.151
-6.4602,8.8579,8.5802,6.2872,-35.292,-64.758,-28.627,1.5179,36.025,49.16
50.266,-29.221,-40.506,-0.93705,69.384,-33.26,-60.504,6.0386,44.884,49.141
-62.982,-24.215,8.5578,23.026,51.537,-49.052,-23.263,-8.2262,24.114,60.461
77.489,18.343,-27.596,-41.788,11.455,31.943,32.475,21.341,-32.96,-68.736
-72.699,-27.12,4.4933,51.024,24.809,0.82294,-10.488,-12.207,-4.8288,45.894
-8.154,35.969,17.191,-12.735,-63.24,66.456,32.909,-11.187,-32.077,-47.878
-29.09,31.004,22.062,-3.1748,-59.942,58.951,44.264,-7.8508,-40.52,-51.379
-73.305,-29.599,10.67,45.095,27.12,1.758,15.484,19.896,-5.0955,-55.642
73.196,19.89,-3.5863,-35.711,-40.273,-30.694,-34.372,-4.7839,17.674,67.136
-33.093,-39.226,-12.886,47.779,40.961,72.993,4.2685,-53.041,-24.056,53.53
61.76,-0.62437,-62.623,-8.9251,50.35,13.533,10.644,2.1193,-21.283,-0.29028
-70.936,-25.746,5.6603,43.184,35.116,44.354,21.119,5.1966,-12.121,-66.357
-73.623,-23.927,8.5575,35.248,38.116,-29.88,-33.127,-9.23,19.28,71.095
-71.82,-26.915,10.064,36.476,40.625,-5.9365,-15.797,-19.3,4.549,54.531
-59.693,-19.503,14.581,28.349,24.219,-48.308,-24.748,-9.1549,20.107,69.244
48.333,33.507,4.0597,-27.586,-65.851,-43.768,-4.5349,9.0224,14.398,10.57
-44.218,-40.016,-0.17878,25.267,67.72,-30.921,9.7411,4.8662,5.6249,-0.87731
3.9301,-32.151,-20.508,11.2,70.231,74.576,32.856,-13.974,-42.076,-32.985
8.6131,-75.544,4.3007,42.431,42.708,42.379,-7.3814,-55.176,-1.648,74.99
-24.028,20.034,32.418,3.4278,-60.269,71.802,31.192,-10.651,-46.692,-32.32
-62.008,-33.365,-0.25003,40.16,50.437,-26.899,7.0608,11.62,14.817,-32.956
32.529,20.962,5.7843,-25.996,-34.1,60.01,21.165,-4.309,-18.423,-57.385
33.114,27.375,8.7868,-12.972,-68.359,73.77,23.222,-8.7578,-41.774,-32.28
65.772,21.195,-5.4675,-32.69,-36.382,45.453,28.502,5.5094,-21.127,-67.833
-20.704,-54.297,2.5571,23.182,71.348,33.377,-16.74,-21.283,9.4822,18.401
-68.606,-26.772,7.3334,32.868,44.929,24.455,19.822,11.484,-13.199,-56.443
46.659,-6.1843,-14.593,-18.917,22.989,47.648,41.433,3.4795,-35.881,-63.529
26.212,-5.7446,-9.6183,-11.34,20.171,57.248,30.872,1.3863,-32.246,-57.314
-63.528,-26.231,1.8097,31.977,50.828,27.933,14.295,2.9941,-7.4629,-44.457
-60.997,-22.014,-0.037478,25.673,54.992,-26.479,-22.445,-0.015109,14.272,40.038
6.8232,10.53,9.083,0.32009,-42.855,68.12,26.85,-2.5273,-37.959,-43.642
-23.541,-0.96289,4.5685,7.4772,3.6654,54.637,28.13,1.0428,-25.934,-60.432
69.402,24.531,-4.7088,-34.482,-43.869,32.787,23.745,6.5117,-14.69,-59.973
-35.693,-16.736,-0.87396,15.673,39.196,58.69,24.783,-0.38879,-26.071,-55.675
-40.668,-42.628,1.4431,24.81,68.339,19.096,-6.2727,-0.47105,-2.6952,-2.9244
-63.147,-37,-0.022708,52.048,37.125,46.193,-6.6396,-35.061,-14.323,52
-63.356,-27.035,-0.76497,34.08,52.415,7.3551,-5.5213,-1.5572,-9.4666,21.624
-26.959,20.208,32.948,-3.6352,-62.487,70.239,39.272,-14.075,-51.997,-21.996
-40.303,-35.142,-12.176,26.575,72.07,-55.832,-4.309,18.464,13.289,13.792
-52.562,-30.662,-3.2244,28.621,61.412,-33.002,0.48583,13.246,11.479,-9.506
-57.793,-16.566,20.419,19.773,14.481,-8.0405,-46.855,-16.999,26.268,76.152
-52.062,-0.3964,23.065,15.221,-15.581,15.29,52.9,11.139,-31.855,-72.404
-5.6859,7.1668,4.5229,11.285,-33.055,66.703,27.074,-0.14141,-39.001,-46.439
-57.825,-25.326,0.37891,25.318,57.154,28.544,12.571,0.81973,-12.827,-29.575
-62.524,6.4447,50.168,13.97,-65.834,-24.896,-60.125,-4.156,54.945,41.79
-33.63,16.35,28.818,-9.218,-31.929,17.311,54.627,0.29903,-24.879,-71.003
-25.312,18.095,12.781,-0.63562,-27.215,51.881,37.77,-3.1923,-28.652,-61.995
36.965,4.3959,8.6449,-16.965,-31.322,54.57,31.779,-4.406,-23.39,-60.45
64.044,-2.4722,-27.54,-25.564,33.128,37.907,49.683,9.2188,-42.74,-66.16
51.759,27.932,2.6266,-24.166,-63.025,52.316,17.739,-3.6305,-21.951,-38.482
48.436,-15.031,-19.889,-19.832,40.89,47.981,48.397,0.97685,-43.311,-57.863
-73.985,-27.248,11.166,40.386,36.126,1.1124,10.275,20.617,3.1236,-54.198
-3.1698,-11.535,51.44,-6.3757,-58.899,-9.375,71.39,6.7113,-52.023,-37.315
-65.53,-23.204,0.04659,33.809,49.103,-16.807,-19.103,-0.11755,2.5515,42.64
32.14,-8.8589,-15.33,-15.893,35.529,62.122,33.203,0.90561,-41.477,-49.791
-42.402,49.143,-31.157,-23.808,54.268,59.577,40.329,0.99399,-59.372,-27.319
1.9324,-5.6878,-4.6169,-12.31,36.459,69.322,26.953,-0.46975,-42.432,-42.366
73.735,32.753,-17.901,-39.518,-29.972,4.1193,-36.988,-23.769,15.873,75.157
-37.894,-58.866,18.267,67.2,-10.888,59.03,-28.673,-53.932,17.885,60.175
52.071,12.259,-4.7002,-20.303,-30.223,48.344,32.349,2.6076,-24.925,-65.515
59.458,6.9527,-20.612,-14.384,-8.7741,19.398,47.088,12.366,-27.603,-76.47
-76.879,-10.428,43.108,31.942,-40.099,14.824,51.493,21.664,-69.119,-23.079
32.641,27.048,-54.708,-10.653,39.305,-4.4282,39.827,3.3262,-51.333,19.004
27.809,-18.7,-24.744,-3.6846,50.054,60.256,37.287,-6.7811,-36.183,-50.909
-40.877,-4.882,-6.0173,17.766,29.627,-49.688,-36.498,2.7101,24.83,64.656
-53.531,-1.5571,10.357,9.0488,21.212,24.026,50.706,5.2502,-28.444,-73.345
-39.961,15.257,24.442,3.3923,-34.942,-40.975,-47.54,2.0944,32.054,63.936
-42.099,-42.209,-1.8953,28.285,69.808,45.726,-2.4796,-6.6953,-12.889,-6.9308
-61.782,-47.196,10.841,48.59,40.729,-41.944,21.202,35.861,6.6856,-66.459
-51.919,-27.595,-3.0185,24.472,62.718,37.432,9.5799,-6.831,-14.571,-16.608
41.824,54.164,8.6305,-60.451,-45.785,-72.429,9.506,40.924,23.647,-57.935
-37.934,-46.39,-4.1254,33.229,68.558,50.091,-6.2391,-19.964,-14.229,21.963
57.75,25.729,0.063215,-25.838,-57.673,5.5179,3.5475,0.90753,-4.7047,-5.1238
-63.077,-9.6934,22.144,13.659,15.549,32.597,31.653,21.211,-30.392,-73.614
-57.611,-34.235,1.506,34.438,54.756,25.314,-12.333,-10.299,-11.982,31.935
-63.943,-25.699,4.6392,29.162,50.233,8.7487,10.545,11.016,-4.8343,-37.099
-16.733,-13.707,-22.878,26.109,36.565,-75.916,-22.752,19.165,50.977,-9.9998
-57.679,-12.26,3.3211,24.583,30.417,44.894,36.263,1.8996,-24.298,-69.031
-53.168,-30.438,-1.3369,27.054,61.427,28.173,-2.1192,-6.8361,-9.1218,3.529
70.424,19.511,-7.6565,-26.441,-47.478,23.417,31.567,11.649,-19.477,-60.844
-61.939,16.733,-35.673,20.232,61.224,38.705,52.327,-24.363,-53.827,8.2509
-17.463,8.7959,3.8959,8.3795,-19.066,58.955,30.333,-0.14237,-31.26,-57.1
38.997,-8.9859,-18.48,-11.853,31.941,51.499,40.159,0.46352,-35.88,-59.962
23.161,28.785,8.1194,-18.492,-55.923,67.599,22.412,-6.441,-26.668,-48.49
-55.021,-36.418,-1.1812,34.983,59.615,34.961,-7.1572,-9.253,-16.736,22.976
62.595,27.066,2.6809,-36.126,-51.79,20.956,1.7506,-9.9098,-17.134,22.675
-51.63,-21.419,-5.9806,18.361,66.393,56.457,23.612,-7.5109,-31.504,-31.366
-25.943,-51.172,-3.8581,28.516,73.144,46.117,-5.817,-14.393,-6.3553,1.6603
40.429,2.2991,-8.6077,-12.287,-7.1749,48.825,33.524,3.0442,-27.12,-65.664
54.864,-43.457,-53.71,52.789,18.177,25.231,55.845,-55.851,-41.523,43.226
60.658,27.524,-0.80661,-30.531,-53.854,-5.9547,-8.2483,-4.3818,0.79179,27.149
-54.684,-29.787,0.20428,26.317,60.476,18.458,-5.1773,-0.89545,-5.6656,2.4171
-66.188,-25.959,4.2908,31.444,48.913,-8.5216,-18.585,-10.23,8.0482,45.258
43.914,2.6834,-9.1572,-16.338,-3.9921,48.369,34.213,3.8356,-27.769,-66.323
-37.539,-40.831,-2.7646,20.451,72.456,-70.655,-14.272,1.9263,33.081,39.411
-50.589,-20.894,18.807,23.362,18.616,27.288,-32.549,-45.339,13.648,68.46
-37.312,-34.41,-8.4766,22.235,73.511,-73.499,-20.062,8.5538,36.108,30.458
-0.00918,-59.78,-25.58,61.408,38.649,68.332,11.422,-43.029,-40.726,46.715
-34.743,-51.684,14.294,16.075,72.198,42.26,-31.633,-31.572,39.541,1.4371
-59.168,-23.654,0.21699,25.954,54.704,50.726,24.459,0.36464,-22.37,-55.082
-74.243,-26.157,19.885,28.115,39.415,11.113,21.99,25.632,-13.745,-65.197
-64.665,-21.452,13.97,27.907,30.198,45.313,26.759,10.366,-22.133,-70.573
-54.729,-12.814,9.9141,26.542,12.53,-48.246,-31.46,-5.8903,26.98,66.821
-27.312,12.622,19.844,9.496,-36.063,-58.802,-33.213,2.7929,33.686,53.893
-32.466,-52.549,59.862,24.151,-27.44,41.633,-49.468,-39.846,60.617,12.271
-16.377,-44.057,-26.702,53.577,48.489,80.904,12.897,-36.778,-39.915,35.413
58.588,25.073,-0.66536,-25.285,-57.009,36.604,18.099,0.94055,-17.068,-40.127
14.027,-4.7713,-2.3631,-12.788,16.739,60.956,26.243,0.56903,-31.292,-54.065
-10.416,-18.56,-16.617,11.739,52.211,67.894,26.782,-8.4646,-30.925,-45.435
-10.838,12.589,7.3443,-0.74836,-23.421,57.671,29.306,-1.6763,-27.608,-57.638
-15.089,9.1376,7.8096,8.9323,-30.744,61.567,30.349,-0.86072,-34.555,-52.616
-60.019,-26.707,0.93446,29.286,53.766,4.1915,-6.8462,-5.955,-3.0705,24.147
-37.583,-26.968,-9.3537,51.164,11.155,-25.353,40.63,-11.263,-32.581,31.74
-63.662,5.85,29.963,24.455,-45.249,37.609,56.216,6.2902,-50.474,-59.363
-69.213,-18.726,9.3278,22.334,48.846,11.798,41.282,14.517,-21.951,-65.195
-41.805,-39.919,-9.4071,33.883,69.066,59.192,5.1079,-18.449,-26.456,10.877
-80.261,-24.139,24.781,33.565,18.29,22.179,31.567,24.955,-24.779,-79.78
10.08,-43.369,-27.483,17.66,72.258,-62.222,-27.198,17.238,26.447,36.176
-60.64,-11.812,1.0338,18.825,48.047,-46.002,-39.261,-0.96467,27.527,65.918
49.816,-42.855,-28.446,46.665,-4.0374,28.551,39.16,-64.25,-7.194,32.659
9.9681,-16.9,-19.243,0.48172,52.997,69.982,31.257,-7.5005,-40.343,-40.74
51.034,31.08,1.8417,-25.34,-64.273,41.958,7.273,-4.1681,-18.346,-15.307
-31.537,-5.2482,15.552,16.955,-10.564,56.561,25.663,3.4622,-27.535,-59.118
-32.543,-48.366,-4.0077,27.571,71.424,-43.789,8.9733,11.992,9.9978,-4.5604
72.681,28.211,-5.1534,-50.735,-23.265,-2.6141,-11.708,-14.171,-0.17603,49.5
-33.991,-22.966,12.567,26.264,9.6475,-46.867,24.88,54.834,-7.5734,-64.738
-68.11,-25.421,-0.18408,40.517,44.713,-5.5385,-6.2533,-0.8952,-9.6618,31.985
-48.435,-4.8728,19.728,-14.854,47.521,6.201,61.247,10.64,-38.5,-66.078
-69.673,-24.699,3.4707,41.312,38.367,-44.815,-22.781,-3.6316,13.051,65.6
17.082,28.851,16.896,-15.169,-70.549,-76.695,-26.775,12.884,38.569,33.609
-65.051,-25.796,1.6802,35.186,48.455,-39.859,-18.108,-1.4193,10.185,53.943
4.8169,-22.937,-20.378,1.8802,60.581,72.08,31.538,-12.575,-41.673,-36.033
31.104,-45.153,-36.455,19.218,65.132,32.025,15.135,-1.0099,-17.944,-25.522
-66.984,-13.701,11.382,28.029,20.412,31.354,-52.691,70.77,-30.765,-11.799
-47.342,-26.97,-20.919,60.545,25.646,61.194,14.059,-70.902,-12.761,66.896
-37.232,-4.7032,4.6262,13.653,13.102,50.628,31.009,1.9212,-25.489,-63.834
43.308,-23.178,-25.536,27.908,-4.8905,38.346,47.704,-4.0843,-27.392,-67.179
-39.323,14.535,12.644,7.6489,-22.482,-41.182,-46.804,0.96633,30.772,67.634
-66.204,-27.622,2.6094,38.055,45.627,-14.129,4.9611,12.924,14.206,-36.822
-27.635,-7.6218,11.168,23.376,-14.287,-59.485,-24.33,-1.0527,27.427,56.231
15.183,12.43,18.559,-7.3995,-58.351,76.114,27.599,-11.118,-46.205,-22.297
-67.191,-33.672,7.5716,39.422,44.192,14.132,-19.245,-18.126,-1.0294,52.053
57.26,13.771,-34.243,-29.424,33.169,-62.193,-26.499,-6.1642,57.864,17.669
-28.923,15.243,16.436,6.2276,-39.213,58.047,38.19,-2.5146,-37.244,-55.148
5.9229,25.452,24.745,-19.318,-62.415,-69.626,-27.852,21.764,38.452,10.686
-59.14,-31.481,3.1376,30.448,55.447,14.975,-12.924,-12.867,-1.6862,32.305
61.541,24.487,-9.8074,-18.33,-56.23,-27.452,-13.767,-12.171,21.327,34.104
30.007,-15.133,-11.742,-14.32,34.128,-56.504,-37.446,0.83125,38.022,54.578
66.001,13.406,3.1456,-39.946,-30.176,-45.746,-36.343,3.1979,17.365,69.524
65.625,33.219,-5.1171,-40.076,-45.339,-17.289,19.38,14.887,4.2648,-47.935
-32.082,73.081,-28.921,-55.835,54.587,-32.561,6.47,78.9,-45.417,-43.413
71.445,36.706,-17.297,-42.18,-30.745,-15.875,35.133,26.742,-11.854,-73.008
51.428,26.047,3.2722,-22.964,-62.855,52.415,18.595,-3.6826,-24.84,-34.623
17.097,-16.998,-13.985,-1.6293,40.962,60.827,34.32,-4.5197,-34.516,-52.329
57.425,24.611,-0.82948,-24.417,-56.279,-42.121,-20.378,-1.2273,20.713,43.736
18.532,-5.6566,-7.5675,-7.731,18.86,58.055,28.35,0.56574,-29.97,-56.21
-49.367,-35.293,-0.46899,26.632,65.24,-31.52,5.3761,6.4217,6.2492,-0.053163
51.024,0.22836,-12.28,-12.829,-6.2247,40.589,41.308,5.0027,-29.337,-70.99
60.016,-16.611,-45.554,-6.5446,65.158,-41.638,-55.916,3.3332,52.343,41.906
71.864,-4.3726,-37.009,-29.081,50.687,-34.252,-55.569,-10.9,55.318,54.203
46.265,12.426,-10.77,-29.451,-1.5102,53.9,26.452,5.7564,-26.711,-62.877
16.049,43.346,20.051,-43.158,-52.571,-66.1,-17.001,30.773,38.474,-27.07
-43.501,-13.243,5.4298,17.937,25.623,53.807,27.697,3.4416,-26.371,-62.266
-47.53,-18.133,-7.8749,22.028,54.376,59.637,27.055,-5.5923,-25.276,-53.125
2.2576,2.5575,2.0576,11.113,-29.677,67.749,26.509,1.1398,-40.71,-45.105
-43.622,-30.927,24.998,8.7086,37.416,61.992,-54.794,56.771,1.8638,-71.702
-4.3233,1.6349,0.96002,6.5285,-9.5925,-68.973,-22.634,4.7156,57.202,9.6479
-42.764,35.555,30.808,-9.3769,-56.442,36.58,52.153,-4.1471,-30.504,-66.666
72.239,25.144,-6.7215,-44.942,-30.929,39.305,22.399,8.4546,-13.181,-66.989
38.925,-9.6351,-5.0856,-6.7361,-3.024,38.604,44.449,0.78144,-26.297,-70.149
-18.245,26.126,36.782,-16.576,-66.948,29.088,45.648,-19.848,-33.443,-14.349
-26.947,-42.935,-17.17,32.77,71.923,-73.932,-11.617,21.126,38.82,-5.0595
70.948,21.716,-2.4947,-38.627,-38.591,41.843,29.729,3.5427,-19.197,-65.249
-54.853,-34.31,26.223,1.8452,64.717,-26.656,33.715,28.641,-35.928,-21.842
-72.61,-6.3218,31.468,27.309,-22.179,27.159,46.829,16.339,-39.26,-70.441
-15.515,-55.718,-0.11382,20.532,70.279,2.2919,-5.071,2.6093,0.38434,0.69567
42.728,-63.622,10.011,55.509,-46.618,63.962,30.926,6.411,-40.939,-57.79
-62.25,-10.109,-28.276,57.815,28.688,51.218,29.377,-58.068,-26.986,51.428
6.7478,52.723,12.944,-22.3,-73.313,60.547,12.531,-11.082,-24.383,-25.464
33.593,-24.925,-43.005,49.593,1.5654,66.32,33.986,-40.857,-45.935,30.84
54.174,24.23,-11.358,-18.948,-45.2,54.198,19.156,11.311,-25.336,-61.757
-27.107,-62.954,25.609,61.602,-14.663,-60.364,24.09,65.009,-21.932,-55.681
-56.794,-25.489,-5.3567,30.284,57.795,43.669,9.3357,-18.697,-27.872,15.167
72.202,26.176,-3.4182,-46.745,-34.631,-0.20921,-10.319,-7.4837,-8.7752,42.181
-59.49,-8.7623,30.014,24.315,-13.524,-42.666,-32.213,-11.625,27.852,68.567
-44.03,-15.296,-1.8368,22.483,34.506,44.008,1.7735,-66.093,8.3735,59.84
11.947,-24.111,-9.1518,2.7374,34.486,55.95,31.825,-2.6501,-27.218,-58.853
-10.743,9.2897,-0.50437,0.79628,-3.8618,32.058,46.666,-0.99855,-20.986,-69.397
-13.071,-38.599,34.656,31.956,-38.332,72.63,13.733,15.9,-47.963,-40.639
-43.204,-40.8,-0.44171,26.559,69.117,36.824,-7.9026,-6.6298,-5.7942,-0.70008
-30.548,-53.881,-3.0929,35.977,67.765,-50.061,12.153,26.736,8.7019,-35.07
-57.949,-6.5958,0.097208,21.765,33.869,38.665,44.455,0.43886,-24.249,-71.272
-41.251,-44.654,-10.502,40.949,64.592,65.654,-0.24678,-27.442,-29.833,29.153
-57.111,-29.723,-2.4484,32.226,57.121,-30.532,1.2741,10.709,15.495,-17.432
52.106,17.962,-17.079,-21.376,-15.013,-13.461,-46.758,-12.407,25.654,73.603
-54.252,-30.927,2.1829,24.601,61.262,10.915,-16.489,-4.2414,5.8901,14.593
-55.564,-5.7728,8.5611,1.7016,47.503,-49.019,-42.313,-3.5807,40.065,59.314
-74.412,-23.138,20.589,48.977,0.61775,-11.566,-17.988,-19.144,9.4243,56.155
-57.877,-14.578,-9.7532,21.897,61.484,-23.03,-19.289,13.508,11.876,13.532
-12.575,-29.642,5.616,29.809,2.1385,62.567,18,3.5629,-23.695,-58.931
-17.001,-1.9598,12.455,5.1838,-9.3927,57.202,25.682,0.51443,-26,-57.534
-55.704,-53.02,25.861,40.457,33.382,33.967,-38.227,-38.083,3.2828,82.471
-63.973,-23.353,2.3586,28.124,51.316,-36.447,-23.451,-3.311,17.52,52.862
-8.0823,20.448,16.649,-3.3549,-52.019,67.898,31.37,-6.7864,-37.238,-45.331
-58.481,-38.523,-1.5188,42.542,54.066,17.238,-29.816,3.7662,26.533,-18.274
11.457,-6.972,-7.8998,-7.5731,28.813,-62.574,-29.024,0.3529,34.573,52.068
-39.808,-49.159,0.72589,33.726,64.004,-39.119,14.033,17.6,12.15,-33.041
-72.252,-17.12,12.432,21.379,45.6,-30.532,-36.502,-13.975,25.918,69.494
-44.171,12.131,24.611,13.015,-46.209,56.932,42.382,-0.27742,-45.7,-50.475
-43.331,14.66,16.078,12.135,-33.33,39.52,50.294,0.024221,-35.758,-65.312
-55.285,-28.733,-0.08708,26.158,60.001,-18.25,4.6897,2.1141,5.1423,-2.9836
69.27,27.164,-2.0769,-53.407,-24.334,35.756,5.9242,-18.145,-28.649,30.273
45.644,29.072,2.8514,-20.134,-66.672,66.21,22.098,-2.1465,-33.157,-42.702
34.138,15.673,-2.2264,-2.6242,-51.209,68.61,26.424,0.67005,-43.595,-42.34
-77.261,-23.615,14.739,43.762,24.055,11.138,25.322,20.971,-10.013,-65.98
-34.185,7.037,9.9451,18.664,-26.973,57.542,35.757,1.2589,-37.787,-56.277
-62.072,-29.578,-0.66998,34.383,54.839,13.504,-5.2321,0.91192,9.8574,-23.273
1.9798,22.615,22.511,-4.6574,-64.2,-74.104,-28.854,14.335,43.095,30.829
-58.129,-27.065,-1.5449,28.954,57.591,-21.765,-1.0854,3.6583,13.967,-7.3228
-24.078,12.892,15.067,-12.548,-3.4842,-49.801,-36.228,2.6495,25.551,63.671
68.261,27.761,-6.4201,-34.351,-45.191,-7.3537,-17.883,-13.277,7.0174,50.232
-61.453,-25.425,1.1992,29.038,52.893,-23.811,-13.839,-2.43,8.1307,38.308
-28.204,-43.602,-7.5578,26.094,73.459,-53.276,-8.9609,15.184,19.294,6.8782
-59.362,-19.521,-6.0788,26.869,57.532,38.719,23.849,-9.3443,-12.266,-42.02
-63.404,-24.586,6.7065,25.138,51.776,8.4785,-1.3039,-22.552,-1.6204,32.267
-46.157,-41.472,-5.1651,35.77,63.702,50.175,-4.5851,-15.15,-23.101,19.263
-61.419,-40.769,4.8579,43.776,47.229,33.2,-21.1,-25.546,-1.9192,54.281
-1.8138,-46.729,-17.375,20.062,73.746,69.033,24.313,-13.438,-28.118,-40.763
-54.562,-33.446,0.8494,28.187,62.272,20.001,-9.4608,-2.3076,-5.4841,10.404
-30.888,-36.207,36.448,-10.343,47.334,-56.769,36.972,-46.048,19.057,40.914
53.25,25.896,0.51203,-24.914,-55.939,58.95,23.796,-0.48332,-26.434,-53.36
-46.505,-42.395,-0.41718,31.907,64.957,38.76,-11.941,-8.887,-14.19,20.485
-29.223,19.488,11.593,14.838,-43.469,60.884,39.736,-2.2371,-45.885,-47.561
-54.346,-29.491,-2.0039,28.159,59.421,31.468,-1.7799,-19.945,-10.095,17.667
-28.09,13.308,13.122,11.916,-31.141,57.41,34.306,0.040421,-35.382,-55.773
48.764,33.108,3.968,-31.303,-57.467,61.215,14.876,-4.0285,-15.325,-54.515
62.755,21.344,-1.5586,-25.852,-52.198,-42.854,-26.683,-1.9182,21.347,55.477
-42.152,11.029,33.268,9.7687,-55.323,63.869,40.08,-3.6964,-57.272,-26.621
65.282,40.352,-10.933,-47.117,-35.897,-40.367,17.459,38.215,6.4734,-63.268
-73.052,-20.333,2.5574,37.968,42.369,-18.44,-36.554,-5.4389,12.047,64.579
-47.224,-2.4602,2.9862,20.227,16.193,47.98,37.678,1.4853,-26.564,-66.621
-41.285,5.6562,7.809,6.8619,4.7093,37.131,45.491,0.81839,-27.095,-71.412
2.1557,-64.735,-11.471,38.956,64.148,46.422,9.2993,-46.218,-15.101,47.398
-31.258,28.149,29.501,-3.7886,-64.23,-62.306,-44.067,11.652,45.016,39.734
-59.522,-30.85,14.208,32.449,34.553,-5.0714,50.766,17.831,-17.095,-76.606
-21.414,-48.146,-8.3552,27.072,74.373,54.287,5.0434,-13.597,-12.607,-15.893
-64.319,-30.41,4.2396,35.737,47.434,12.568,-12.597,-13.955,-3.7697,40.924
4.9683,18.534,11.585,-18.039,-25.324,59.941,25.151,-7.0513,-19.61,-57.243
-55.646,-45.944,-0.47833,49.021,51.014,40.191,-17.687,-10.376,-16.858,40.682
33.666,14.709,-1.0246,-15.608,-30.206,-56.553,-24.952,-0.52802,24.867,57.662
-25.645,-29.182,-17.122,38.479,40.396,64.884,10.155,-46.738,-22.318,42.577
-51.942,2.4669,11.715,12.718,3.2727,-30.513,-47.437,-5.3144,28.909,73.405
-49.878,-37.455,3.4045,25.333,63.697,19.665,-20.644,-11.115,3.8829,25.201
-57.845,-24.201,4.8035,16.931,61.525,23.355,8.9044,7.4014,-21.777,-15.286
-51.622,-0.45555,34.083,19.377,-40.895,-55.877,-35.982,-4.42,42.567,52.324
-54.879,-32.237,6.8646,28.558,49.278,54.868,16.572,6.9365,-20.112,-60.828
-70.922,-26.596,-0.94725,51.801,27.956,-10.69,-0.44092,18.871,8.9742,-38.721
-11.945,17.612,7.4084,-3.3746,-20.012,56.361,27.706,-0.68581,-24.63,-59.862
55.5,44.703,-3.2288,-43.499,-51.862,40.739,-14.282,-26.278,-11.702,50.906
35.733,-15.071,-34.647,4.7317,40.891,38.663,51.217,-9.833,-26.282,-64.276
38.322,42.666,15.38,-39.651,-68.052,66.786,2.0323,-26.22,-28.356,18.591
-40.469,-43.722,0.83087,27.158,68.525,31.364,-10.866,-1.9083,-6.1621,2.5368
-40.197,-29.356,22.236,18.309,19.392,50.846,8.4783,22.409,-23.17,-65.521
-57.819,-24.275,0.048046,24.985,56.467,17.509,13.646,-0.40938,-9.9932,-23.263
15.79,-13.901,-10.873,20.056,-6.8136,59.939,28.579,-5.5852,-24.892,-56.285
-58.011,-21.725,-0.074718,21.498,58.546,-21.638,-19.67,0.19417,18.964,22.525
-22.293,-14.966,-7.2257,7.0733,49.333,69.156,26.49,-2.4249,-38.461,-43.571
-66.142,8.6631,40.559,21.956,-56.821,-46.817,-52.728,-3.8,56.97,46.195
53.157,35.599,-1.6967,-28.967,-60.976,48.026,5.2904,3.585,-11.81,-43.447
-52.425,-31.296,21.041,26.458,24.057,49.647,12.044,20.657,-23.467,-66.062
-4.0832,10.284,9.4157,4.7523,-39.907,-66.613,-29.513,1.9847,39.324,45.534
-56.557,-27.719,-1.459,27.933,58.816,21.367,-1.2695,-5.571,-9.2251,7.1727
-58.001,-20.515,-0.98634,20.599,59.547,-20.838,-22.521,2.4652,18.91,22.793
21.825,-14.64,-1.3832,2.1541,1.8207,50.959,35.444,-0.75419,-26.774,-64.431
-54.358,-28.486,5.489,18.885,61.47,-9.898,-0.85645,35.114,-22.412,-13.021
-44.3,-16.902,-8.1816,14.762,62.641,68.563,29.26,-4.4522,-40.944,-40.22
58.023,-6.6772,-23.433,-20.458,33.531,45.733,48.114,6.1878,-45.587,-61.582
14.112,37.415,7.0763,-37.24,-26.185,-67.131,-0.95343,64.377,12.492,-61.673
37.567,-19.548,-25.723,-14.37,54.713,65.466,40.459,-10.544,-56.371,-24.421
-54.673,-32.185,1.0203,28.582,58.947,-21.948,16.23,10.117,1.9302,-24.745
-28.1,-51.907,13.094,51.399,5.9787,62.731,-3.1664,11.89,-9.88,-61.061
28.306,-80.888,35.906,-4.5253,59.381,-37.626,9.751,44.294,-46.527,21.9
50.412,34.723,1.7945,-28.563,-62.726,35.487,-6.2932,-18.287,-10.893,19.448
-50.366,-18.994,22.08,30.746,-5.9139,13.673,-49.026,-31.537,32.074,66.999
-10.289,-56.136,-2.6369,25.284,68.234,29.869,27.169,-2.4184,-15.13,-46.084
-56.625,-27.744,0.96053,24.582,60.488,0.86643,-15.836,-0.51659,7.7087,14.462
-42.703,6.5913,17.764,18.883,-33.523,55.383,38.855,2.347,-41.145,-55.573
-51.209,-0.37797,17.373,24.657,-22.844,49.073,40.203,4.9929,-37.261,-63.243
60.067,20.136,-25.34,-24.713,-13.731,-0.34324,40.974,28.1,-19.039,-76.721
-55.423,-33.277,2.1511,28.934,59.163,-18.99,14.318,9.1298,1.1649,-24.436
-52.404,-34.867,1.6971,25.946,65.107,13.396,-21.274,-2.4122,9.4554,11.856
15.786,-25.937,-25.48,0.47917,75.178,56.702,55.309,-14.735,-53.763,-32.878
-35.524,7.3885,10.954,1.373,0.27727,47.984,38.057,0.40388,-28.145,-66.198
-19.988,-42.364,-13.414,29.487,68.07,47.946,-7.6092,-44.663,11.91,27.024
-24.038,41.219,10.216,-14.33,-42.838,42.695,43.676,-3.3086,-26.617,-67.114
11.289,56.945,5.1683,-24.436,-70.224,31.184,-10.272,-16.465,-4.1286,17.493
-56.187,-33.012,2.2082,29.872,57.661,26.232,0.52639,5.0448,-2.2563,-31.72
-58.703,-25.105,3.447,22.752,56.718,-1.0498,-13.145,-8.856,10.748,20.616
-69.207,-22.325,-2.3476,49.218,30.937,3.8469,-2.2983,-1.1891,-4.1673,8.394
48.168,25.962,-4.4897,-14.808,-59.156,61.288,22.022,4.186,-32.188,-51.403
-45.911,1.6858,9.1612,3.1244,20.556,45.251,40.875,2.8357,-30.928,-68.202
-69.583,-29.395,3.8337,42.493,39.913,-1.9698,3.4343,16.862,7.3031,-46.856
-44.556,7.7962,9.8756,9.694,-3.1107,33.248,46.575,3.5169,-27.978,-71.569
-5.8386,54.396,12.967,-16.246,-73.447,-47.994,-28.023,10.939,24.216,37.122
40.035,-7.7912,-6.617,-5.0969,-4.8981,34.242,46.049,0.8854,-26.021,-71.628
-62.281,-24.972,-0.68302,31.229,54.167,14.343,1.1103,-0.346,-16.942,9.3392
-58.174,-25.197,-0.44084,25.938,57.673,-17.946,5.9502,20.388,0.75216,-21.569
-61.861,-16.501,3.171,15.921,57.57,-22.955,-29.82,-5.046,25.594,38.343
-54.623,-22.643,-3.3432,21.123,63.143,49.753,18.802,-3.7858,-34.296,-16.28
-65.61,-20.442,7.6189,30.105,34.826,44.128,30.875,6.772,-22.694,-70.765
-63.581,-20.169,3.4226,22.166,53.975,36.058,32.103,3.9698,-24.306,-56.799
-68.807,-20.513,-3.5111,46.773,31.542,-25.527,-17.467,5.069,25.421,3.258
-47.134,0.096496,29.256,19.077,-40.536,57.905,34.956,7.1161,-50.668,-42.896
-49.88,38.524,56.506,-55.745,-19.803,-30.511,-43.152,37.366,50.294,-48.567
-70.751,-26.612,-2.1271,48.152,36.094,-4.7482,-13.474,12.04,18.729,-26.763
-66.003,-26.208,2.5258,33.705,48.281,14.449,11.189,7.7058,-3.8359,-41.236
56.102,16.389,8.9951,-20.065,-64.651,41.725,28.683,-11.269,-22.347,-33.186
12.513,-9.0153,-10.528,-14.676,39.941,69.979,27.856,-2.713,-45.874,-38.242
-46.825,12.669,24.621,16.633,-51.69,37.652,58.431,0.51172,-59.025,-37.546
-71.712,-24.007,3.219,50.585,25.413,18.512,11.604,5.5247,0.013489,-45.139
50.77,33.229,0.2891,-26.203,-63.748,28.318,-4.015,-2.8809,-7.2325,-3.1408
23.72,9.7157,-65.951,5.5478,67.74,24.61,30.046,-7.8131,-27.616,-14.696
-72.698,-24.641,3.7786,41.852,38.113,-18.787,-19.679,-6.8482,4.6281,54.982
46.528,-52.59,-25.691,60.808,-14.814,45.1,42.222,-10.834,-15.65,-72.426
10.52,18.948,17.672,-15.891,-47.161,74.619,25.787,-11.472,-51.645,-9.3078
-56.291,-7.0399,13.718,31.999,-10.098,50.192,33.72,8.5688,-35.483,-62.054
-39.793,-17.621,1.0377,18.435,36.419,-56.311,-24.614,-0.53063,24.108,58.202
23.743,-3.5322,-20.74,-10.551,39.369,64.911,29.599,-0.69183,-39.76,-45.504
-74.526,-28.115,13.737,46.099,17.973,5.3053,-15.418,-30.774,9.7271,60.288
-31.083,38.036,-61.165,73.221,-56.276,57.944,44.311,-34.911,-20.971,-35.262
-9.6231,19.973,2.9498,-5.6616,-18.955,54.215,31.457,-2.2383,-24.321,-62.229
-47.486,-6.3917,4.4818,3.4821,45.211,57.681,34.029,-0.40507,-36.226,-54.05
38.099,20.482,7.4466,-19.697,-53.07,73.103,22.4,-4.9012,-52.158,-11.247
-56.945,4.7152,67.183,-10.642,-55.929,-0.0058463,74.095,-10.151,-73.391,17.335
-62.202,-25.183,-3.415,34.536,52.164,24.416,6.3189,-10.17,-20.911,18.165
-61.021,-18.528,1.9437,17.473,59.349,-20.02,-33.488,-1.4479,27.933,32.433
14.965,-7.6916,-0.92105,-2.1008,1.5412,47.395,38.71,-1.5001,-25.011,-66.083
-64.72,-28.077,1.2011,38.387,46.452,32.491,-0.87201,-29.401,-15.601,39.984
-57.999,-25.637,0.23103,25.625,57.6,-9.4836,-10.172,-0.2697,6.8763,15.852
-61.166,-28.447,2.3555,30.871,53.079,-12.951,9.3143,14.852,1.9837,-31.349
-27.746,2.2659,5.5981,14.413,-11.9,56.485,29.905,1.2914,-29.95,-58.745
32.406,-13.268,-22.949,-7.5264,47.258,61.316,36.683,-2.0133,-41.048,-49.769
-48.905,5.0121,25.61,23.847,-35.007,54.327,39.402,3.4639,-41.468,-56.081
-65.096,-23.449,-2.8825,38.528,46.656,-1.1887,0.78534,-0.91118,0.60685,0.42069
25.138,-9.971,-0.011848,-4.5318,0.5715,47.348,38.525,-1.4206,-26.109,-66.768
63.014,14.257,-5.3311,-11.203,-59.668,45.165,31.419,3.3309,-32.341,-48.766
-31.024,20.023,27.106,-8.0332,-29.859,3.1211,56.512,8.024,-20.266,-71.539
-16.528,10.285,24.945,1.4206,-41.242,63.767,27.233,-5.5664,-30.474,-49.974
-56.955,-33.72,-4.0608,38.946,55.16,40.413,-6.7342,-17.609,-20.072,27.901
-44.542,-22.326,-4.6691,14.707,63.751,71.537,22.366,-9.1585,-52.417,-9.868
-8.5198,9.4754,1.0211,1.3245,-12.624,-56.303,-32.346,0.70289,29.472,60.13
-50.249,-42.878,3.4596,33.713,60.088,33.226,-17.115,-15.128,-7.4061,36.744
18.356,-49.787,-28.12,16.21,70.919,-20.668,-18.32,26.336,12.067,-8.3679
26.043,-8.7047,-7.4476,-10.338,21.552,56.865,32.476,0.47267,-32.428,-57.816
-50.673,-35.263,-5.987,34.899,61.543,-48.537,-2.2301,14.962,26.434,-17.755
-53.503,-28.543,4.5389,22.038,56.854,-1.1532,-52.213,-3.9721,19.91,63.013
-35.933,11.641,27.007,0.57464,-27.451,6.3302,12.813,43.717,-19.677,-66.218
-0.97395,-13.961,16.343,15.907,-31.408,63.131,29.97,4.2888,-44.456,-45.565
-46.983,11.093,-1.9748,-7.6305,44.399,46.738,51.365,0.97045,-54.539,-42.839
46.606,29.924,8.0312,-26.392,-67.614,58.361,16.779,-10.636,-21.698,-30.113
-53.997,-33.155,-2.6864,32.556,59.111,-46.776,-3.2172,20.567,25.103,-18.743
-8.3099,-3.6067,-1.2107,11.386,-2.3492,66.774,22.921,3.0099,-40.898,-42.832
59.801,31.484,-3.2988,-30.771,-55.05,-13.814,13.108,11.704,-3.5212,-24.356
64.706,20.323,-2.3852,-25.843,-51.209,35.05,38.724,1.0213,-22.273,-64.685
-54.542,-4.2361,3.8552,5.8088,44.719,43.809,46.941,0.84057,-35.51,-65.677
-68.317,-28.325,6.9227,48.871,18.788,-31.601,1.3357,44.394,-0.89856,-50.795
66.532,29.352,2.2239,-49.698,-35.26,-23.448,5.3453,9.6262,15.381,-29.344
-35.384,4.396,-0.53355,-5.1804,37.76,60.624,39.182,0.098407,-43.279,-53.517
-57.867,-17.367,4.7303,10.105,61.639,-53.119,-24.404,-4.103,35.358,42.988
-62.318,-3.5772,21.467,24.06,-14.13,16.449,49.646,16.403,-36.113,-71.062
55.75,36.496,2.6284,-37.411,-58.254,-50.002,-3.4895,13.582,21.397,-0.14787
-60.543,-28.561,3.934,28.812,54.123,19.552,-23.813,-23.073,7.0305,42.773
-34.625,18.023,25.036,-1.4577,-31.618,49.868,38.967,-2.4222,-28.514,-62.633
-19.368,43.186,36.047,-28.231,-64.01,60.907,39.048,-37.897,-51.165,21.299
-34.385,2.1377,7.5764,17.315,-12.781,54.916,32.418,2.2243,-31.134,-61.085
-25.135,-1.1176,-0.2655,23.788,-10.596,61.787,26.07,0.91877,-32.118,-53.643
-81.239,-1.238,-11.41,35.698,40.279,-2.3717,-11.304,-4.7291,44.926,-49.503
-59.102,-32.783,-1.6268,38.153,53.108,-33.195,8.5853,10.078,19.164,-27.367
-60.344,-36.325,0.66715,39.285,53.897,28.514,-11.444,-9.9385,-14.21,35.047
25.731,4.6811,-7.2215,-28.154,21.408,64.499,25.627,0.094659,-35.273,-49.724
-38.216,-52.194,1.0984,42.463,53.691,-48.57,30.164,-1.0295,-29.736,49.699
19.408,-11.963,-11.874,-6.5984,35.078,61.34,31.35,-1.0465,-35.883,-51.404
-40.614,-29.725,-4.1579,21.988,61.946,62.551,21.66,-3.5925,-26.426,-47.55
-67.88,-27.141,-1.0189,41.097,44.999,-8.0634,1.9064,-5.9457,-9.5502,32.391
59.28,33.479,0.84957,-36.525,-55.454,-29.192,15.729,-3.8552,-13.173,31.641
-38.838,-43.826,-1.3551,29.14,65.382,62.418,9.984,-0.18782,-17.399,-49.862
-5.5275,27.64,5.2966,-9.1855,-36.61,56.601,30.66,-1.932,-27.203,-59.208
-64.709,-24.514,-5.8299,35.698,55.441,-4.5665,-16.149,5.7756,18.555,-10.273
14.003,-19.535,-13.658,8.2732,30.941,56.488,31.602,-4.5309,-25.684,-58.765
22.197,4.3297,-4.4226,-12.18,-0.15777,56.923,26.044,1.2571,-26.769,-57.927
-45.783,-42.423,-2.5783,33.624,65.756,-45.313,5.1216,15.091,17.187,-20.558
-46.812,-38.241,10.105,16.43,67.316,10.807,-35.604,-14.112,23.685,36.442
-52.279,7.1366,22.277,8.1064,-4.6318,36.685,41.193,10.249,-27.513,-72.936
13.827,-69.009,-5.9384,40.192,49.039,15.286,5.7895,-42.469,48.468,-34.483
51.051,44.405,2.0362,-42.316,-57.52,45.268,-13.759,-14.987,-20.424,33.092
5.9194,-75.902,39.867,19.529,21.896,34.541,-23.384,-57.653,22.289,74.1
-15.278,0.90173,-1.3883,-5.9886,26.605,63.836,29.005,0.5492,-36.104,-52.461
-50.432,-33.182,-2.8321,28.33,64.123,-40.063,-1.7272,8.4334,16.914,-2.0075
-58.175,-24.519,0.76126,22.952,59.474,3.844,25.964,1.0762,-11.231,-28.207
59.228,33.107,-1.6882,-34.48,-53.987,20.711,-13.237,-10.637,-8.845,34.727
-41.947,-3.8706,-32.485,24.574,64.529,43.481,23.874,-26.191,-12.898,-15.082
-24.172,10.768,-0.21925,3.9419,-0.30505,39.624,43.803,-1.2526,-24.958,-69.293
-34.777,-5.1566,-2.515,13.404,25.101,50.929,35.314,-2.207,-24.628,-65.28
-53.854,-12.123,2.0855,11.469,51.32,55.168,35.699,1.0844,-35.477,-57.445
-41.021,0.1601,14.62,21.529,-24,55.987,33.478,3.6658,-36.86,-56.653
-39.945,-32.648,-2.195,23.637,59.616,64.47,18.806,-2.3253,-23.702,-51.756
-21.367,-9.192,-13.202,21.707,22.262,60.292,23.869,-10.795,-14.324,-58.543
-58.8,-29.521,-1.1466,33.274,54.212,25.587,-3.4388,-11.417,-12.862,24.354
34.626,47.023,-3.5518,-22.324,-68.278,8.1179,17.614,-1.647,-5.4903,-24.323
-21.307,33.553,12.053,-11.575,-30.975,51.419,31.859,1.6659,-25.368,-63.98
-61.682,-25.982,6.9387,24.269,53.315,-4.2461,5.62,17.473,-1.3145,-30.369
-56.007,-7.8416,-17.383,19.181,65.49,-17.329,-40.92,10.675,18.754,35.148
-32.107,6.176,11.789,13.149,-24.076,55.775,33.042,1.1891,-33.486,-57.169
-26.819,7.6251,2.0163,-5.2682,18.932,55.992,36.404,0.58629,-34.876,-59.78
-0.92628,23.834,7.2426,-11.496,-34.217,60.312,26.721,-3.6918,-25.453,-55.834
11.226,-38.045,-19.189,32.393,32.138,57.105,28.7,-12.371,-12.132,-64.015
-43.157,-43.059,0.2118,28.19,66.611,38.266,-32.696,-27.476,5.6175,47.958
66.007,26.164,-1.2471,-34.895,-48.379,7.0984,6.4179,6.0005,3.0205,-34.53
52.294,41.128,0.42001,-37.981,-58.566,-43.266,8.7078,22.672,8.3333,-27.168
-55.387,-43.484,8.6416,67.529,-4.1249,43.124,-55.094,38.305,1.8625,-18.019
-56.655,-30.015,3.3965,25.256,58.744,-13.23,27.966,12.195,-6.6656,-36.448
-15.166,0.64096,3.6257,17.64,-18.827,66.098,25.556,2.1038,-39.197,-48.294
40.415,17.697,-25.286,-8.6243,-10.054,1.9034,49.24,17.085,-25.976,-75.275
-11.46,5.1449,19.588,12.585,-49.133,-71.773,-28.657,5.2259,48.565,30.99
-5.1024,2.657,3.8242,6.4748,-18.25,61.115,26.473,-0.096364,-30.043,-54.553
9.7486,33.339,2.9562,-26.006,-27.956,60.774,20.486,-2.6525,-18.175,-60.066
47.869,26.81,-26.297,-17.254,-17.065,-12.361,49.213,23.485,-22.666,-77.419
-36.782,-4.6108,-4.1101,8.1077,38.059,54.93,34.289,-1.9551,-30.387,-58.313
4.4453,5.4028,9.5684,-19.52,2.4805,61.464,23.507,-1.6645,-25.774,-55.322
-66.466,-23.313,-3.1004,43.424,36.983,-2.0357,-1.4335,-0.33484,-0.16607,5.4199
-60.228,-41.047,11.56,37.094,47.553,30.168,-21.773,-29.959,-1.0766,56.552
-2.5558,13.068,0.5358,-10.788,-2.2561,57.624,24.49,-0.13912,-23.453,-59.149
-66.808,-24.985,-0.97051,39.065,46.991,21.963,2.8422,-5.6293,-24.637,19.269
-59.123,-13.114,3.2892,47.441,3.3848,-57.433,-26.796,-3.8723,30.954,57.18
-8.11,11.078,7.3484,-9.4707,-7.8289,56.857,28.091,-3.5018,-23.005,-59.503
-72.545,-11.442,16.828,10.565,47.628,31.303,40.504,17.105,-32.794,-70.016
13.67,-29.889,-10.003,6.637,43.623,56.144,32.839,-3.8565,-28.537,-56.757
-53.044,-33.024,-2.8562,31.182,61.488,38.056,-0.80979,-11.155,-16.31,12.516
-66.669,-20.668,14.666,16.923,49.49,44.767,27.665,11.579,-33.296,-53.892
-39.212,-14.926,4.7753,6.8163,44.895,59.505,27.082,4.2651,-34.259,-54.573
-43.429,-25.917,-0.98704,16.643,59.692,-71.681,-20.088,-1.1826,50.508,25.114
-62.669,-25.58,-0.76537,33.142,52.012,-25.751,-3.6618,2.7954,24.743,-11.743
-31.069,4.8313,3.7213,-5.7256,26.099,54.097,39.952,-0.98539,-35.411,-60.149
-42.937,-4.109,20.464,24.971,-26.679,55.894,31.383,1.9165,-32.83,-56.735
-37.899,-42.686,2.6648,21.113,70.334,28.35,-17.847,-23.011,12.557,21.196
54.767,-1.2138,-20.339,-14.952,7.2907,35.388,41.495,9.73,-30.074,-71.32
-68.58,-20.724,-5.0541,37.844,47.622,15.236,24.128,-13.726,-31.514,22.374
-73.761,-21.345,3.0066,47.505,30.137,30.609,10.081,-15.964,-36.823,33.156
-23.401,1.2942,-1.2152,0.084433,23.168,57.546,32.435,-0.78646,-30.205,-60.056
-57.208,-27.792,1.1743,25.144,59.774,-17.35,16.684,10.611,-12.33,-9.7213
60.276,25.234,-0.4204,-29.297,-53.774,-22.812,2.918,29.02,6.0763,-31.424
54.707,31.6,3.4204,-31.462,-61.288,3.8834,22.379,-6.6777,-21.584,6.8628
-42.648,-42.956,0.42697,28.903,66.916,-35.066,6.4319,10.039,10.065,-12.723
-54.675,-12.594,-15.115,21.395,64.249,55.444,30.774,-11.395,-26.208,-45.113
-51.401,-34.33,-3.1072,32.78,58.77,46.852,-2.4914,-38.193,-10.469,36.303
-52.089,-17.355,3.3787,26.881,29.026,50.337,26.584,2.2154,-20.911,-64.442
-19.721,6.9458,0.16578,13.228,-16.069,60.09,31.292,0.63608,-32.744,-58.685
-5.4578,-0.26816,0.84692,2.2467,0.45512,64.448,24.507,2.7248,-37.477,-46.538
-66.53,-25.214,-2.0363,40,47.857,17.209,8.8906,-3.9253,0.096103,-24.689
-52.725,-39.508,11.511,23.933,59.493,-16.857,35.49,20.013,-14.13,-55.283
-59.909,-16.955,-5.4022,22.957,58.995,17.32,19.635,-11.808,-20.566,5.0716
-55.298,-30.926,3.9337,24.102,60.189,10.106,-28.492,-10.553,13.184,35.43
-54.78,-29.201,-2.3875,27.774,61.166,-38.751,-5.5927,4.8133,25.051,-1.5027
-43.242,-24.939,13.785,18.249,30.898,-55.689,-17.264,-10.308,25.33,59.778
-4.6045,-3.0764,-10.761,-2.1872,33.809,70.849,24.857,-0.20766,-49.106,-27.003
-66.722,-12.496,10.617,46.208,-3.1014,47.926,32.759,7.1298,-27.853,-67.005
-62.701,-24.345,14.184,15.444,54.772,8.2541,-1.5738,-8.7737,10.54,-8.5034
17.427,14.881,-9.3579,1.232,-27.451,58.613,18.457,11.267,-31.353,-56.62
64.395,19.999,-9.6039,-62.338,14.391,61.977,20.418,-6.3797,-21.097,-51.394
-33.867,11.47,1.3369,4.1612,3.3991,44.048,39.839,0.27027,-26.399,-68.634
-59.854,-8.163,17.958,26.233,4.8845,55.574,29.148,13.422,-49.062,-46.689
-56.715,-37.673,-1.6094,38.607,57.957,38.232,-6.9633,-3.5197,7.8298,-33.469
-69.992,-26.175,7.8364,33.869,42.484,10.611,14.722,18.09,-17.607,-38.048
46.116,-3.4461,-18.165,-4.9884,-3.6975,42.569,37.564,5.9272,-26.385,-69.38
-54.348,-20.968,-12.179,35.241,51.189,-57.122,-26.109,11.321,14.09,58.214
5.366,-35.298,-37.225,30.651,59.416,30.728,-41.54,-22.325,7.2506,54.61
6.1022,39.527,4.791,-13.974,-56.431,64.678,25.119,-2.9956,-29.785,-51.867
-57.025,-35.826,2.7095,32.641,57.777,-37.826,-13.011,-2.3326,8.8443,49.193
-53.821,-31.358,5.1966,23.756,57.851,-20.274,17.766,15.66,-12.28,-17.529
-60.206,-20.699,-3.4873,26.306,56.677,-6.0731,-11.062,6.5748,10.204,-3.9916