9999.9,9999.9,9999.9,9999.9,9999.9,9999.9,9999.9,9999.9,9999.9,9999.9
5.9153,4.3751,3.9709,4.3067,5.8548,3.4183,3.4362,3.4019,3.4319,3.4197
3.4289,3.4606,3.4034,3.4498,3.4373,6.0229,4.3658,4.0249,4.4095,6.498
5.6651,4.0861,3.8105,4.1737,5.5021,3.4265,3.4305,3.3908,3.4385,3.4257
5.2918,4.0807,3.6957,4.012,5.1004,3.4234,3.4497,3.3755,3.4259,3.4351
5.4354,4.0018,3.6998,4.0241,5.2634,3.4389,3.4403,3.3765,3.4524,3.4497
3.4429,3.4594,3.382,3.4446,3.4368,5.6189,4.1677,3.8209,4.0958,5.7153
3.418,3.4303,3.3762,3.4202,3.4214,5.6067,4.1358,3.7355,3.9962,5.377
5.3854,4.0132,3.7002,4.0925,5.3243,3.4247,3.4153,3.3779,3.4406,3.4176
3.4338,3.4743,3.3794,3.4384,3.4526,6.1121,4.2152,3.7886,4.2799,5.4884
3.4049,3.4212,3.37,3.398,3.4119,5.352,3.9957,3.6899,3.9478,5.1399
5.9413,4.2842,3.8838,4.2492,5.4625,3.4467,3.4771,3.3985,3.4481,3.4472
7.2836,4.693,4.227,4.7657,7.3648,3.4622,3.4686,3.411,3.4827,3.4734
5.4977,4.1236,3.7634,4.0357,5.0931,3.4314,3.4388,3.3736,3.4323,3.4372
3.3976,3.4558,3.3727,3.4061,3.4314,5.6181,4.0943,3.6779,4.0828,5.2962
3.3885,3.4002,3.37,3.3916,3.396,4.9708,3.9716,3.6719,3.8907,4.9487
3.4926,3.4927,3.4068,3.4412,3.4592,8.3483,4.846,4.3331,4.7141,7.012
3.4006,3.4034,3.3666,3.4152,3.4213,4.572,3.8202,3.5733,3.8352,4.6068
7.628,4.7878,4.0462,4.8668,8.0024,3.5066,3.5308,3.4048,3.5138,3.5344
5.3911,4.0136,3.6796,4.0215,5.0531,3.4032,3.4573,3.3737,3.4198,3.4426
3.5953,3.5038,3.4038,3.6473,3.5706,7.9352,4.7399,4.183,4.9912,8.4097
3.4916,3.4561,3.3922,3.5017,3.4413,6.8536,4.3366,3.8772,4.3222,6.3518
3.6603,3.7549,3.7815,3.6351,3.6024,7.1233,5.0587,5.7991,5.4724,8.5074
5.8637,4.6992,5.1159,5.1055,6.4016,3.4919,3.5434,3.6218,3.7172,3.5866
3.5513,3.7342,3.5987,3.4894,3.4813,5.2557,5.4177,4.9301,4.9682,6.6096
3.4752,3.627,3.7053,3.6259,3.5029,6.0881,5.0289,5.4938,5.4864,6.3435
8.1094,5.1486,4.1605,4.939,8.602,3.6427,3.7917,3.418,3.6365,3.7196
3.5898,3.6172,3.4895,3.5041,3.5345,6.0861,4.7556,4.6917,4.6381,6.2478
5.5421,5.4189,5.1031,4.3925,5.8764,3.7078,4.0188,3.5848,3.4645,3.6053
5.7433,4.5636,5.0675,5.1645,6.9034,3.5465,3.6196,3.6136,3.6727,3.5174
6.273,5.0786,5.1168,4.9119,7.9468,3.6203,3.8207,3.6584,3.5558,3.5293
9.5557,5.5825,5.4599,5.275,6.9475,3.6861,3.8661,3.7273,3.8556,3.7803
5.2641,4.0094,3.6491,3.9854,5.0534,3.4099,3.3849,3.3741,3.4314,3.3864
3.7658,3.9761,3.7514,3.6158,3.6349,7.5811,5.9344,5.5218,5.8001,8.2494
3.4923,3.5656,3.6854,3.7074,3.5075,6.9343,5.0893,5.1694,4.8921,5.4825
6.1078,5.2446,5.2011,5.6123,7.1585,3.6242,3.7924,3.6909,3.7652,3.6018
5.2261,5.1468,4.9611,4.9079,5.5084,3.4925,3.496,3.6696,3.7449,3.5256
3.5597,3.491,3.4873,3.5588,3.5923,6.6976,4.7258,4.5492,4.6015,6.6531
3.5082,3.4756,3.4607,3.505,3.5318,7.1768,4.3376,4.3388,4.7069,5.9973
3.5054,3.6026,3.5219,3.5615,3.5025,5.1375,4.5536,4.5324,4.6042,6.5794
6.4455,4.867,4.8128,5.1248,6.6666,3.742,3.907,4.041,4.0605,3.8081
6.8738,4.5443,3.9989,4.5536,6.9762,3.4985,3.6162,3.3964,3.5411,3.5442
3.4314,3.4089,3.3705,3.4506,3.4113,5.3615,3.8512,3.6335,3.8566,5.4629
6.0339,5.474,5.0596,5.1941,5.9238,3.7888,4.0029,3.6515,3.5573,3.6362
3.5498,3.5894,3.3898,3.529,3.5731,8.058,4.7587,4.1026,4.9394,7.5714
3.5491,3.5243,3.6097,3.6588,3.5806,6.8831,4.7908,5.2316,4.7298,5.2988
5.7572,5.0183,4.5651,4.9976,6.8562,3.5998,3.6458,3.5285,3.7342,3.5173
3.5929,3.63,3.566,3.5885,3.6449,6.1594,4.5602,4.309,4.5721,5.6661
8.0142,4.5893,3.9484,5.0885,7.1749,3.6092,3.4934,3.3953,3.5778,3.5189
4.7368,3.923,4.5228,4.3657,5.0831,3.6351,3.3921,3.4885,3.9899,3.6141
6.1129,6.592,6.1531,5.622,10.74,3.9107,4.3396,3.9262,3.9631,3.8764
6.0764,4.5539,4.5483,4.6154,6.6304,3.5928,3.5007,3.4926,3.5215,3.5438
8.6369,5.9432,6.6616,6.0384,7.7842,3.627,3.749,4.0893,3.9838,3.7117
6.6851,4.4944,4.3436,4.7127,6.1552,3.5038,3.4255,3.4773,3.55,3.4998
3.7154,3.5118,3.7863,4.3225,3.8337,7.3901,5.3608,5.8288,6.6364,6.403
3.6532,3.9901,3.8914,3.817,3.6911,5.9883,4.7058,5.0518,5.2316,5.8021
9.0926,6.5197,5.6832,5.2319,6.5762,3.9518,4.4673,4.4272,4.5907,4.1517
6.0494,5.2762,5.7864,5.7498,6.8904,3.8145,4.2501,4.2611,3.8838,3.8083
4.7829,4.2317,4.2708,4.2989,4.4224,4.9363,4.232,4.3443,4.445,4.5508
5.7175,4.3661,4.1013,4.7046,5.5659,3.795,3.8764,3.7824,4.0774,3.8724
3.8326,4.0119,4.1386,4.4374,3.8563,6.7658,5.5024,5.1628,5.7064,5.913
3.7147,3.8703,3.6167,3.92,3.7615,7.0107,5.4428,4.431,4.9599,6.0768
3.67,4.1431,3.9266,3.8821,3.6373,5.4814,4.8047,4.9205,4.8675,6.7723
3.6749,3.9313,3.9732,3.5697,3.5574,5.1912,4.835,6.0179,5.6858,7.5091
6.4795,4.3633,4.1343,4.8768,6.6751,3.6504,3.6289,3.6068,3.6918,3.6952
4.6114,3.8689,3.9267,4.1768,5.202,3.8589,3.3934,3.4387,4.2656,3.6559
6.2025,4.4466,4.5098,4.4696,6.1416,3.766,3.4368,3.5923,4.418,3.9874
5.6171,4.347,4.3435,4.2056,5.9892,3.9846,4.0007,3.8216,3.9307,4.0994
6.4818,4.6127,4.5834,4.6117,5.8576,3.9935,4.3618,4.1098,4.2766,3.9532
3.5398,3.4537,3.5665,3.608,3.5345,7.4275,4.2088,4.6991,4.8227,5.8336
3.6199,3.8525,3.6258,3.5758,3.5674,5.1105,4.5496,5.1398,5.094,6.4038
6.9432,5.0728,4.5967,4.635,6.2198,3.8324,3.7866,3.7605,3.8189,3.799
4.1246,4.0549,3.964,4.1485,4.22,5.8283,4.3673,4.0715,4.4398,5.9546
3.8544,4.1238,4.1966,4.1113,4.0191,5.2063,4.664,4.5807,4.8911,5.3135
6.7223,5.8869,4.7722,6.2046,9.0886,3.9229,4.3922,3.9137,3.8879,3.8942
6.114,4.7778,4.1754,4.4578,6.0228,3.9436,4.0473,3.9073,4.0796,3.963
5.6117,4.3675,4.6717,4.9654,5.764,3.6018,3.5327,3.5485,3.534,3.4968
7.0948,4.7391,4.2546,4.1917,5.6312,3.9116,3.9223,3.8542,3.7825,3.8946
5.6368,4.7303,4.6511,4.6092,5.606,3.5491,3.6429,3.4536,3.5414,3.5384
3.4756,3.4175,3.3728,3.548,3.4859,6.5693,4.8614,3.9273,4.7216,7.7035
3.9165,4.1334,3.8288,4.0442,3.8824,5.9219,4.8738,4.3624,4.9298,6.4925
3.8111,4.3475,3.4622,3.4007,3.8602,5.3193,4.3688,4.3159,4.2552,5.349
7.0007,4.776,4.5968,5.1919,7.4281,4.2258,4.1106,3.9243,3.9353,4.1451
3.6414,3.5852,3.5102,3.48,3.548,5.6054,4.4309,4.5114,4.7657,6.515
3.7475,3.6824,3.7117,3.7141,3.673,6.3259,4.6477,4.3319,4.7569,6.7136
5.9401,5.2497,4.6525,5.0739,7.9287,3.7755,4.0118,3.5452,3.5802,3.7313
3.7019,3.5012,3.6688,4.1289,3.9639,5.9017,4.2289,4.9792,4.6384,6.013
5.2622,4.6348,4.2509,5.0656,5.8266,3.6754,3.7612,3.6478,4.0354,3.7153
5.468,4.2673,4.1521,4.1712,4.8159,4.9095,4.1751,4.1229,4.2041,4.3745
6.623,3.8885,3.7024,3.9693,4.4467,3.394,3.4637,3.3685,3.3834,3.4421
3.6443,3.494,3.5476,4.089,3.6407,6.923,4.552,4.7001,5.2485,6.0463
5.9488,4.5364,4.6435,4.5168,6.7185,3.7585,3.9373,4.0593,3.9875,3.8359
3.7913,3.5828,3.6975,4.3051,3.9663,7.548,6.2483,5.1458,6.0538,7.0189
3.6171,3.7324,3.6585,3.8602,3.6025,5.9319,5.1749,4.8095,4.859,5.525
3.7391,3.9288,3.7482,4.4829,3.8347,4.7077,4.7322,4.4186,4.5719,4.9279
3.8051,4.1483,3.9821,4.105,3.809,7.4634,5.6014,4.7705,5.6548,7.2234
4.1399,4.6778,4.2147,3.9025,3.9152,5.6963,5.0771,5.4859,5.1892,8.6561
6.4362,5.5704,4.7226,5.6553,8.1984,4.452,5.0859,4.5028,4.3624,4.2105
6.9941,5.0999,4.1685,5.131,7.2278,3.8351,4.1269,3.705,4.089,3.9995
3.6897,3.6246,3.72,4.3001,3.7252,5.4429,4.9294,4.7225,4.8857,5.2295
6.2777,4.2332,5.0127,4.8063,5.9546,3.6563,3.5446,3.5718,3.5721,3.5709
3.8714,3.7899,3.679,3.7607,3.8154,6.628,4.6756,4.2189,4.5571,5.9881
5.3718,5.063,4.8914,5.579,6.2543,3.9359,4.1412,4.4188,4.5877,3.8805
3.8552,4.2859,3.5114,3.3845,3.6946,5.8273,4.009,4.3643,3.7978,4.8328
4.0851,4.7735,3.8331,3.5019,3.9609,6.6197,5.5231,5.2014,5.4087,7.3684
8.6671,5.4738,4.7744,4.941,8.6784,4.0124,3.6885,3.8313,3.6726,3.852
3.9721,4.0929,4.5487,5.0006,3.8619,5.4183,4.847,4.7643,4.6025,5.0837
3.9081,4.1984,3.7478,4.1735,3.8255,5.5488,4.6486,3.9724,4.3541,5.3759
4.9398,4.7326,4.4913,5.5579,5.8743,3.7913,4.4262,4.1599,4.3626,3.8135
6.7621,5.6894,4.4585,5.665,7.5129,3.9921,4.3974,3.6469,3.6343,3.9257
3.4621,3.5052,3.4214,3.5076,3.4947,7.0113,4.6635,3.8918,4.6196,6.1734
6.1246,4.786,4.4812,3.8301,5.2579,3.8472,4.3333,3.5474,3.4901,3.8807
5.1025,3.9475,4.3508,4.4588,7.0335,3.7645,3.7929,3.4205,3.6296,3.7688
4.7584,4.1681,4.1173,4.2943,4.3239,4.4662,4.3794,3.9492,4.0976,4.4083
5.301,4.3806,4.0678,4.5738,6.2483,3.908,3.4425,3.4632,4.2473,3.8821
3.8275,4.2954,3.9607,4.2053,3.8157,5.2406,4.901,4.6492,5.6472,6.1125
4.399,4.6196,5.1488,5.4422,6.7647,3.686,3.9026,3.7679,3.582,3.5117
4.7157,4.5691,3.9317,4.2431,5.7149,4.6981,4.2905,3.9401,4.1465,5.0628
8.7038,5.8543,5.7057,5.6226,6.7607,4.0697,4.6079,4.8118,5.2463,4.2231
3.7307,3.7579,3.6043,3.6556,3.6963,9.5086,5.4223,5.0161,5.2236,8.908
3.5336,3.5189,3.4758,3.5814,3.5561,5.9882,4.8603,4.2135,4.9535,7.0166
5.4083,4.7457,4.2694,4.5366,5.1914,3.8675,4.4695,3.9844,4.0952,4.0499
6.0908,4.2875,4.1394,4.5909,6.3133,3.6656,3.6672,3.5434,3.7608,3.6486
7.229,4.9151,4.6421,4.753,6.2201,3.6853,3.6209,3.4705,3.6141,3.7273
5.2261,4.6863,4.0896,4.449,5.8971,3.6844,4.0693,3.4648,3.4322,3.7809
6.301,4.7729,4.4775,4.9546,5.9719,3.8133,3.7332,3.7575,3.9779,3.9187
3.7357,3.6504,3.7148,4.0071,3.7237,9.1113,5.2563,5.2946,4.7047,6.3117
3.5698,3.5139,3.4904,3.5491,3.6031,5.6435,4.9209,5.1867,4.7779,7.1548
3.8181,3.8174,3.6857,3.6374,3.7215,6.2808,4.4932,4.1891,4.3099,5.2142
11.988,5.7681,7.8089,6.209,5.7062,3.9014,3.9363,4.0961,4.3611,4.0199
6.3608,6.0289,6.0989,5.9705,5.2206,3.6271,3.6487,4.0804,4.37,3.8227
4.1523,4.9488,4.5237,5.0083,4.2722,5.9816,5.3876,4.7516,5.3105,6.8962
5.0741,4.1998,4.2823,4.3343,5.9153,3.6779,3.4037,3.5081,4.045,4.0103
5.3681,4.6934,4.8771,4.716,5.1133,3.7669,4.0578,3.705,3.5099,3.6465
5.1393,4.409,4.1542,4.1524,6.6986,3.7816,3.8551,3.6509,3.7494,3.814
3.8954,4.8374,4.1518,3.6797,3.8372,5.0586,5.3714,5.5208,5.4575,7.6921
7.7013,5.1071,5.0057,4.8546,6.1286,3.6656,3.5717,3.6311,3.661,3.6407
5.5684,4.8022,5.0867,4.7012,5.2427,3.5889,3.4742,3.6338,3.9426,3.5193
14.152,5.9624,8.3554,5.5449,5.7431,4.1618,3.9066,6.0001,5.6276,4.4406
9.7975,8.4474,8.4309,10.739,14.648,12.831,8.5832,7.8429,7.8384,7.104
41.638,47.2,29.312,45.494,43.435,48.237,30.081,38.155,34.684,39.255
8.08,4.6519,5.0969,4.5082,7.148,3.8694,4.1067,3.8529,3.7443,3.925
11.527,10.935,7.5967,10.121,8.9243,7.3537,7.3995,7.4797,8.0289,5.3716
3.722,4.1311,3.954,3.7972,3.6713,6.0337,4.7694,4.6668,5.5375,6.6968
6.6983,4.9814,4.3456,5.3021,6.2182,4.2148,4.3156,4.0795,5.0337,4.2024
6.79,4.4427,6.1385,5.2139,7.8368,3.9073,3.6571,4.1727,4.7605,4.4482
3.955,4.2042,4.0139,4.1767,3.9864,5.8032,4.6956,4.4515,4.7643,5.4633
3.9607,4.0723,3.8425,3.4566,3.8269,6.7429,5.0406,5.0796,4.1378,5.2882
3.836,4.1955,4.0107,3.6013,3.7521,4.6382,4.6577,5.4138,5.473,6.3742
10.347,4.9157,6.1616,5.9433,7.6213,4.2005,3.7627,3.7423,4.7721,4.3677
6.4546,4.7792,4.4526,4.9089,5.5705,4.4695,4.6502,4.4971,4.9888,5.3858
5.8086,4.792,6.3158,5.8353,8.4397,4.5994,4.9362,4.8026,3.8897,4.358
5.8781,4.5015,5.084,5.7281,6.9237,3.8711,3.9472,4.1137,3.9288,3.7317
3.8177,4.368,3.9642,3.6557,3.6884,5.008,4.9546,4.9676,5.6588,5.9692
6.5224,5.489,4.5795,4.6675,5.3777,4.4202,4.7461,4.4263,4.5155,4.4062
8.591,6.8121,5.1834,5.8752,5.6683,3.8832,4.032,3.879,4.6649,4.1157
3.686,4.1444,3.7871,3.5905,3.7091,6.0239,4.5898,5.0319,5.1528,6.0621
14.776,11.905,8.1626,11.142,11.778,6.875,6.8211,5.6676,6.9532,5.7617
3.7196,3.7865,3.5824,3.6462,3.6949,9.5244,5.3844,4.3455,4.9809,7.5894
5.7183,4.8941,5.3403,5.2219,5.286,3.7741,4.1646,3.9664,3.8902,3.6919
11.062,7.7516,7.6971,8.7982,12.046,5.4651,6.8691,5.2961,6.3712,5.4658
6.7633,4.9848,4.2024,4.3335,5.393,3.6289,3.451,3.5648,3.8044,3.686
6.3476,4.4207,4.4115,4.4884,5.3058,3.6717,3.7726,3.7089,3.6247,3.7521
4.0264,4.3931,3.6101,3.8259,4.085,5.484,5.4754,5.001,5.6329,8.6744
3.8563,4.5046,4.0387,3.5628,3.7667,4.3993,4.7173,5.1151,4.6512,8.2597
6.9535,5.8359,5.8471,5.2473,4.7911,3.6181,3.9355,4.0847,4.1133,3.6885
3.5859,3.5073,3.8078,3.842,3.6018,5.7822,4.5839,5.334,4.2802,5.0386
3.9877,4.4848,4.1379,3.799,3.8733,5.5471,4.8106,5.2011,5.8605,6.1809
3.5672,3.7206,3.556,3.4572,3.5298,5.2423,5.3257,4.4906,4.0365,7.1859
8.0311,7.6634,9.2384,6.5266,6.8985,13.512,7.1286,6.5027,5.811,8.6467
3.855,4.3608,4.2783,4.3743,3.8103,6.0109,4.6832,4.3453,4.7841,5.5469
3.9324,4.3303,4.4916,5.4207,4.2324,8.0067,6.4476,5.6954,5.5438,5.1956
43.462,27.545,35.139,30.218,31.039,46.514,45.836,31.246,36.331,34.597
5.2746,4.5399,4.7688,4.3957,5.5488,3.7702,4.1169,3.5922,3.4483,3.8011
9.6694,6.2461,5.4105,4.8498,5.3974,3.712,4.0512,4.0708,4.1162,3.793
6.565,4.817,5.105,6.2256,8.809,6.1222,5.6791,4.0458,3.762,4.3674
10.457,6.2256,5.7644,5.2397,7.2079,4.07,3.9757,4.118,4.7279,4.2038
8.181,6.7878,6.3176,6.4196,5.8581,11.882,9.1324,6.2944,12.025,11.284
9.7126,5.658,5.7889,4.9108,5.8797,4.1961,4.0809,4.7072,5.5517,4.3336
6.7881,5.502,4.5006,5.4413,7.9852,4.6999,4.9353,3.705,3.5913,4.3212
4.6067,4.5289,5.762,6.6592,9.4639,8.2035,6.3713,5.6607,3.935,4.3706
7.1308,4.3073,4.9659,4.526,6.0585,3.8649,3.4686,3.536,4.2645,3.8744
4.8911,4.2767,5.1943,5.0719,7.6031,4.1817,4.5624,4.6746,4.2154,3.9906
3.7758,4.0269,3.9961,4.3444,3.8399,8.4036,5.8672,4.699,4.873,5.8791
5.4249,4.8654,4.9997,5.6213,7.373,4.1289,4.2455,4.0569,3.6351,3.8267
6.9861,4.3719,4.0968,4.213,5.4748,3.7814,3.6367,3.5421,3.7554,3.8037
4.2601,4.628,4.7338,4.2192,4.4797,5.2824,4.8463,5.05,5.4478,6.5744
4.2347,4.7915,3.9561,3.9804,4.0717,5.9727,4.2583,4.5325,4.8341,5.0798
5.2799,4.8956,5.4033,5.0011,6.2687,4.618,4.7919,4.0977,3.4983,3.7847
4.022,4.7291,3.8948,4.1031,4.2142,7.0023,5.1795,4.7581,4.4641,10.503
8.7635,4.8493,5.5568,5.2313,5.1027,3.8206,3.5651,3.8075,4.5735,3.9902
3.8362,3.7724,4.4397,4.596,4.0614,8.2544,6.1763,6.1474,5.314,5.5312
3.7222,4.0552,4.0418,4.0076,3.7215,5.4595,5.1467,4.553,4.6461,4.9004
3.6064,3.6159,3.8624,4.0699,3.8441,6.2473,5.5715,4.4116,5.2372,5.6303
6.0983,7.8639,6.106,7.7076,5.8601,12.673,11.449,6.9899,11.844,14.199
5.1024,6.6684,7.8792,8.307,6.2123,14.628,8.1373,8.1371,7.0158,9.615
5.8344,5.5738,4.5148,4.7079,7.5237,3.8736,4.1193,3.4838,3.7456,3.6578
3.7863,3.6176,3.5072,3.902,3.7526,7.2815,4.9947,4.3245,4.606,5.4309
11.921,7.0598,5.9977,7.9019,8.1376,11.136,7.0998,9.1357,7.6801,8.6929
7.4799,7.4725,7.6554,6.5381,6.9732,9.4695,7.5421,5.9043,5.6092,7.0589
10.23,7.6663,5.8663,7.5949,10.743,4.2946,3.9678,5.9327,5.0765,6.6735
5.1983,4.6689,4.9826,5.2591,6.7572,3.7313,4.273,4.185,3.8557,3.7727
6.5912,5.7705,6.9251,6.7598,8.2398,7.8345,7.2216,9.1967,5.8804,9.1289
4.9742,5.0634,4.3582,5.0485,7.4231,4.1666,4.6672,4.3628,4.5829,4.1254
10.595,11.851,13.173,21.017,10.135,5.7486,12.903,14.372,9.648,25.827
8.5553,5.3768,5.4412,5.156,5.0499,3.9346,4.1087,5.104,5.3133,4.1685
6.4263,8.292,6.3209,7.6722,5.6057,17.541,8.0552,5.9955,13.291,19.729
3.5265,3.4273,3.5129,3.4892,3.4994,7.3744,4.4072,5.0629,4.6576,7.2161
12.424,9.1324,9.3217,8.0833,6.0105,14.552,11.536,7.3237,9.2492,11.249
3.839,3.7168,3.7891,4.7915,4.3104,6.4332,5.8592,4.9013,6.7521,6.4741
5.2447,4.6662,5.1606,4.7553,5.6412,3.5968,3.9995,3.7203,3.5583,3.5784
5.4639,4.5548,4.3126,5.1811,5.9908,4.1106,4.0228,3.7906,3.8594,3.7832
4.7015,4.7733,4.8775,4.0488,4.0827,4.915,4.7817,4.9334,5.0862,5.2755
3.6343,3.7857,4.0018,4.1739,3.7498,7.6093,5.0266,4.5483,4.7319,5.0548
15.308,10.621,8.2144,7.5154,11.26,6.7824,6.4686,9.101,6.883,8.1921
28.572,18.732,19.287,19.448,22.458,21.926,21.188,16.582,18.075,22.512
6.2901,4.613,3.9424,4.068,5.6304,3.7898,3.8982,3.6771,4.068,3.9251
9.5035,8.4992,6.7716,7.9695,13.369,7.1803,5.5323,6.0423,5.6128,5.0703
5.9464,5.2356,5.9436,5.4983,8.817,4.4,4.8937,3.9118,3.6233,4.0651
4.2671,4.6027,4.1535,4.261,4.3955,5.6811,4.5899,4.7341,4.3731,5.1472
5.8293,4.5271,4.7048,5.8088,9.4892,4.4604,5.1564,4.4722,4.3181,4.0324
6.0655,5.5835,5.0737,7.017,12.149,4.0039,3.6552,6.1396,4.6256,9.4541
6.1411,4.6033,4.2838,4.5447,5.45,4.0463,3.9502,4.1682,4.8661,4.2871
39.035,24.507,16.045,16.424,21.676,27.206,13.339,17.016,18.585,17.149
40.919,38.401,40.342,39.816,34.839,63.355,56.901,34.068,28.034,45.67
6.1638,4.5903,4.1372,4.0863,5.5177,3.8023,3.8658,3.8986,3.9899,3.7673
17.42,11.862,8.4593,9.4688,13.751,5.5271,6.7669,7.35,7.3811,8.8995
8.297,6.5875,5.1081,6.3874,8.2448,5.0178,5.1794,3.8553,3.8028,4.3213
6.8189,5.2072,4.4997,4.715,6.0244,3.9169,4.1978,3.6329,3.5775,3.7093
5.8474,4.7227,4.5658,4.7442,6.0695,3.7712,3.6214,3.7569,4.2256,3.8904
8.306,4.8339,5.8935,5.6848,5.7187,3.7882,3.6836,4.435,4.7473,4.1439
5.6382,4.0758,4.3408,4.6004,5.398,4.1435,4.4247,4.2186,4.0932,3.9371
28.63,20.935,15.918,15.776,13.98,5.5121,15.228,9.0125,12.126,28.485
4.0002,4.1932,4.2132,4.4795,3.9124,7.3726,6.5212,4.6551,4.7292,5.0789
20.967,22.616,10.86,23.027,15.779,22.653,18.634,20.966,18.312,47.169
7.3114,8.2001,9.9943,7.2134,6.6194,8.8692,5.1864,5.7588,5.4092,4.9643
6.3997,5.0488,5.5379,5.3112,8.6558,4.1726,4.5699,3.6958,3.7803,3.971
3.775,3.892,3.5399,3.5818,3.7058,5.1612,4.6312,4.4399,5.0315,6.5181
7.5513,7.0151,5.7237,10.451,11.753,9.9394,5.3691,5.4174,5.0751,4.5192
7.5506,4.4313,4.2532,4.5457,7.1383,3.702,3.7407,3.4032,4.0435,3.6303
8.458,4.3399,4.1111,4.6489,5.0252,3.9611,3.5834,3.8131,4.7021,4.1899
4.0121,4.1521,3.7263,3.6425,3.6623,6.715,4.7858,5.294,4.8378,7.6385
5.5979,6.15,7.4764,8.6533,7.7614,15.061,10.702,7.6084,8.946,13.211
7.167,4.4738,4.7553,4.9546,5.2511,3.5631,3.6248,3.6034,3.7476,3.6991
3.7681,4.2463,4.2925,4.2156,3.8779,5.8174,4.6498,4.7303,4.9552,5.2784
8.4133,8.0059,7.7759,10.369,18.186,9.4379,9.1634,10.39,9.3304,7.6851
3.8784,3.7366,3.6727,3.7653,3.8892,7.8273,5.1154,4.9672,5.3227,8.4083
12.496,6.9148,7.7885,7.1968,11.658,4.9378,7.2019,4.3035,5.8478,4.9528
4.026,3.7717,3.9402,4.7926,4.3784,5.4267,5.1575,4.2323,5.181,5.4622
5.881,5.4631,5.0821,5.2394,5.3717,3.8524,3.6071,3.8231,4.7454,4.0493
6.8349,6.714,8.4217,7.5088,6.5157,8.1244,6.6393,5.8157,6.0207,8.3797
6.4204,4.8737,4.2491,5.026,6.0763,3.9341,3.7451,3.6007,4.2429,3.9044
7.6611,5.8766,8.5225,5.9043,6.3549,5.4992,5.3591,4.6472,5.5996,7.1671
5.713,4.3368,5.0982,4.8729,7.1647,3.6295,3.5811,3.9576,4.4094,5.321
3.9693,4.8559,4.4539,4.0145,3.931,5.1955,4.9642,5.0475,5.6428,7.5851
4.642,4.8017,4.2874,5.1495,6.1974,3.6838,3.7983,3.594,3.6013,3.5928
7.0222,4.39,4.184,4.4454,6.6334,3.9569,3.8461,3.6089,3.7985,4.115
5.964,6.4654,5.6714,5.3987,7.17,8.3422,5.2206,4.8535,3.6377,3.7096
5.4071,6.7238,6.6522,7.582,14.008,7.4318,4.2143,5.4335,5.1432,3.799
5.1557,3.9487,5.0917,4.7381,5.5169,3.7831,3.4486,3.4962,4.1332,3.7557
8.0736,7.8779,6.6096,8.6585,7.2465,24.377,12.906,7.2146,10.962,14.278
7.3001,5.4584,5.3388,5.3965,5.3549,3.7675,3.603,3.9908,4.7702,3.8759
10.952,5.8539,6.5987,6.4605,5.8517,4.0378,4.2117,5.1116,5.7406,5.0057
4.9459,6.4926,7.001,6.7324,7.8262,10.422,8.6964,7.2641,7.2523,6.3332
4.6432,4.1796,3.6796,5.4047,5.0482,9.2858,6.3188,7.1607,4.9319,6.3679
5.2741,5.0385,4.4556,5.3894,7.8434,5.0068,4.719,4.159,3.5625,3.8478
3.7326,3.7339,3.9189,3.9363,3.6465,5.2003,4.2641,4.5393,3.7842,5.2414
20.153,26.547,18.215,24.416,25.257,35.37,17.97,24.681,22.681,14.196
5.5695,7.3631,6.4873,8.0593,7.1617,13.067,8.8657,7.8103,9.9533,16.532
7.2229,4.6182,4.6592,4.1398,6.9975,4.1569,3.6667,3.5166,4.4502,4.0029
3.5132,3.8572,3.4704,3.6944,3.5231,5.9854,5.1125,6.9582,5.2952,5.859
6.4948,4.4192,5.6482,5.8281,6.8852,3.9356,4.2837,3.6424,3.6206,3.7171
8.6853,8.0883,7.6437,8.7483,18.06,11.604,8.2813,10.573,11.401,11.056
5.0939,5.9386,7.173,9.1411,16.149,8.574,7.2663,7.3098,5.2338,6.2104
5.9158,5.5304,6.4206,9.0382,13.843,8.7547,5.0215,5.2382,4.4155,3.7099
14.893,10.765,7.7391,6.3687,6.5459,4.7212,5.9996,6.2657,5.6416,8.7124
3.906,4.1951,4.208,3.4794,3.7391,5.3534,4.6953,6.0457,4.3846,7.8322
5.1915,5.5356,4.9018,5.5757,6.785,7.2699,4.8069,4.5284,3.6803,3.8011
34.617,24.838,20.551,20.456,15.57,25.632,17.966,21.475,11.252,15.044
7.4297,5.0337,5.7527,6.2111,11.504,4.0785,4.3739,4.445,4.1149,3.94
13.898,8.9711,6.7314,7.4092,8.0028,9.7087,5.3861,6.1782,4.1376,4.6014
11.179,8.5444,5.5469,6.1154,7.9876,4.3151,4.7261,6.251,5.1562,6.3542
3.8007,3.8129,3.5765,3.9085,3.7692,5.7608,5.2587,5.0351,4.5094,5.501
4.2642,4.7451,4.8048,5.6187,4.6252,9.3666,7.6263,5.5758,5.4429,5.722
7.5397,7.0425,6.943,8.9826,10.207,4.1801,4.8222,4.2545,3.9593,3.9304
8.9095,8.3723,7.606,10.427,8.0529,17.853,10.204,9.5658,15.749,9.7059
3.8725,4.6047,3.8989,3.8324,3.7249,4.9655,5.2511,4.8297,4.7751,6.1345
7.1326,5.0819,5.0652,5.1291,6.2024,3.6264,3.5392,3.5554,3.8386,3.8433
12.327,6.6236,5.2369,6.2925,7.8267,4.057,4.1809,3.8643,4.3321,4.3759
12.044,8.8638,8.1435,9.2954,9.5695,13.107,14.566,8.7565,13.527,18.855
9.2949,6.023,5.4936,6.5896,5.1753,7.8517,8.3363,7.4537,10.157,19.703
7.9288,4.6611,5.1533,5.2047,5.2823,3.9067,3.7154,4.1422,4.8002,4.715
8.0569,5.6084,5.615,4.2852,3.9576,4.6197,4.2706,5.2192,6.9129,8.6563
5.9481,4.817,4.5821,4.2479,4.0296,5.0614,4.6627,4.5517,8.0818,11.666
8.3319,5.4247,5.2987,4.9472,4.8758,4.1932,3.912,4.1114,4.6956,4.3197
5.2361,4.7163,5.1153,5.6064,6.9433,3.8129,4.4167,3.98,3.6516,3.7254
7.7822,6.6629,4.8507,4.3986,5.3981,5.2367,4.5593,4.3041,5.7985,5.375
15.237,10.331,7.974,10.352,10.474,9.7903,8.0731,10.201,8.3797,7.8704
11.113,7.8654,9.4699,11.211,7.6472,9.4872,10.688,12.599,11.91,10.657
8.9401,5.1878,4.3052,5.0589,6.705,4.6039,4.16,3.94,4.1808,4.3139
4.2491,3.4094,3.5351,4.8021,4.3501,5.6724,3.9032,4.6977,4.4609,6.3473
12.771,8.957,10.762,9.8062,9.77,5.92,14.567,6.1783,12.669,5.1748
7.1501,4.6642,4.3363,5.08,5.6541,4.2186,3.7171,3.871,4.9262,4.739
4.4406,4.3113,4.2332,4.2089,4.5596,6.3669,4.9007,4.0541,4.2386,4.9965
6.0328,4.3047,4.0983,3.933,5.3321,4.0557,4.365,3.4285,3.4608,3.8405
4.6359,6.5501,5.0329,4.4146,4.1507,5.6611,6.4386,5.4296,6.0551,8.4851
7.393,5.0222,5.2115,4.6112,6.6855,3.8458,4.0441,4.0854,3.8578,3.8294
4.6383,4.3589,6.5815,7.3899,9.9212,10.157,7.492,6.2763,4.5703,4.3926
11.966,24.921,26.935,19.779,52.366,25.177,19.424,17.52,22.522,34.309
6.9835,4.9839,4.9171,4.7841,5.7071,3.972,3.5466,3.7691,4.2006,3.873
6.7398,7.687,5.373,8.0404,10.187,7.0978,4.4328,4.8685,3.9503,3.7214
6.8784,4.8906,4.424,7.7303,8.9379,4.818,5.4958,3.7841,3.8746,4.5165
4.9009,4.0479,5.0102,6.7636,8.3275,4.1148,4.1126,4.5407,4.619,4.2555
6.0405,6.1612,9.0793,8.6549,11.41,19.015,9.9758,8.9187,7.5311,14.299
4.8069,5.4879,6.0823,5.6149,6.713,3.5922,4.3961,4.4706,3.8335,3.5376
5.4877,4.7054,6.2788,7.0265,11.54,4.2864,4.4922,4.1754,4.035,4.064
6.8207,4.6472,4.4741,4.5625,4.7044,3.887,3.5484,3.7009,4.5465,4.2312
6.8648,6.6248,8.1866,6.6118,5.3023,5.4103,5.3134,4.5243,5.7263,5.6718
7.5407,5.6237,5.3879,3.9743,4.1308,5.4069,4.9169,5.3803,6.8546,9.9265
8.6684,6.7103,6.1983,4.3195,4.546,5.1284,5.8481,5.9135,6.4436,10.566
4.0241,4.4095,4.0521,4.1265,4.056,5.8071,5.0603,4.4738,3.823,6.5787
6.5621,5.4259,4.6639,4.2212,6.2433,3.7247,3.9175,4.0266,4.3855,3.9818
41.289,42.255,19.404,34.999,48.877,31.721,28.693,34.419,34.088,27.086
4.299,3.8846,3.8306,4.1601,4.2227,6.2155,4.3779,4.1907,4.4021,6.2134
5.7566,4.7261,5.181,6.5565,6.9621,11.355,7.421,5.7331,4.4721,4.6669
4.1147,4.9397,5.0522,4.1118,4.1362,4.953,4.6121,5.9814,6.7305,11.033
4.4673,4.9876,3.8851,3.6734,4.0601,6.8172,5.7003,5.0448,4.3989,5.6349
3.9755,3.9282,5.2831,5.7823,4.4037,6.8655,5.567,5.3425,5.6899,5.025
8.5586,6.8137,5.4194,5.6075,14.428,4.1622,3.9312,3.6627,4.4399,4.006
9.9925,7.1768,5.569,5.1181,4.8866,4.0954,4.5131,4.4832,4.9694,4.7039
5.9989,4.8219,4.7864,5.3592,4.5287,3.6883,3.4175,3.6471,4.1878,4.4273
4.912,4.7994,3.9818,3.9123,4.0566,4.985,4.2549,4.7072,5.8001,8.8866
12.354,4.9021,13.439,5.6031,11.24,11.237,10.428,11.975,10.781,9.8166
8.2363,6.4142,4.6354,5.2873,5.4374,3.926,3.8107,3.9407,4.7611,4.2515
39.26,32.486,34.882,42.742,30.17,31.817,21.682,31.549,36.357,35.468
4.2045,4.4224,4.5476,4.2832,4.4717,6.977,4.8548,4.6072,5.2881,10.021
6.8132,7.9826,10.192,9.2058,9.4062,9.4027,7.5554,7.4591,6.675,11.326
7.9892,7.332,7.9502,6.6423,6.6849,11.635,8.9629,7.3612,8.6518,10.495
5.7939,4.9238,5.5245,4.5388,6.2058,3.7463,3.958,3.6128,4.0579,3.6492
10.893,8.2063,7.4816,6.6626,12.146,4.7549,7.5919,4.4914,7.2138,6.3913
3.7586,3.4835,3.5516,4.0833,3.8498,6.2559,5.0071,4.7402,4.7407,5.0827
5.001,5.3843,4.4741,3.8051,3.9448,6.3168,5.28,5.7593,6.4976,10.135
5.9487,4.5028,4.2507,4.3759,5.3535,3.7147,3.6921,3.7675,4.1721,3.765
7.6416,5.8729,6.4616,5.4032,4.96,8.8693,7.2194,6.0995,8.1797,8.4551
3.6035,3.493,3.5445,3.6651,3.7298,6.0984,4.5972,4.1766,4.7561,5.3019
3.9681,5.1333,4.2132,4.4923,3.9683,5.4568,4.3972,4.2375,5.2619,5.3247
8.0445,4.8349,4.1822,4.595,7.9875,3.6949,3.7654,3.6642,3.8196,3.8183
4.1965,5.098,4.4129,3.9173,4.1665,4.7356,4.7677,5.1171,5.6143,11.202
3.9603,4.1766,3.8281,4.3685,3.8588,7.8645,5.3842,4.7273,4.8416,4.6774
3.9455,3.7223,4.1585,5.0278,4.2154,7.2409,6.0135,5.178,4.9983,4.5609
10.15,8.6937,9.7012,6.9861,8.5855,8.8241,4.2042,5.6099,3.8926,3.8165
5.302,4.8887,4.7971,5.3739,8.4366,3.9411,4.1671,3.8805,3.8399,3.7108
11.478,8.7785,7.0908,8.2029,7.0379,6.7928,7.3571,7.9523,6.8775,8.1397
4.6855,4.9237,5.0163,5.2973,7.7361,3.8131,4.3821,3.9655,3.5801,3.7743
3.6499,3.5219,3.7958,4.2364,3.8909,6.261,5.0573,4.4263,4.8227,5.15
38.508,23.698,11.103,19.513,7.8541,27.114,14.703,17.679,13.493,27.532
8.958,4.9881,4.4923,5.379,5.7864,4.3228,4.4193,3.6225,3.4963,3.8723
8.9347,6.6696,5.0584,10.099,15.768,6.1648,6.2382,6.0666,6.1031,5.7262
10.815,7.7042,5.9933,4.7503,5.3901,3.9751,4.1415,4.7347,4.7591,4.4394
5.9243,4.9122,7.1085,6.7831,9.9545,8.531,8.7843,5.1298,6.9072,11.105
4.0471,3.5319,3.5174,4.2728,4.0382,5.7398,4.078,4.0624,4.2715,5.6171
8.4503,8.0232,10.34,8.4599,9.5989,15.415,8.428,8.638,6.7431,5.5136
4.1486,4.3101,4.4115,3.8724,3.9444,4.867,4.8858,5.7472,5.9671,8.3427
5.7019,6.8776,6.2341,4.8195,4.3117,10.906,7.2362,8.1101,9.7618,15.846
4.6898,5.9016,5.3236,4.8167,8.8041,4.1331,4.769,4.0945,3.8042,3.8631
4.6142,4.5611,4.1454,4.4838,4.1551,4.9033,4.4674,4.3745,4.8305,5.5787
3.7955,3.6721,4.0481,5.0059,4.3864,11.19,5.9756,5.5532,6.2712,6.3306
5.792,4.8359,4.7869,5.473,8.0404,3.9359,4.41,3.9104,4.0088,4.022
8.8262,8.1697,6.9064,7.3816,5.8204,18.104,10.629,6.9484,5.7951,9.8267
6.1036,7.5885,6.2573,6.2119,7.4056,3.6577,3.7369,4.8797,4.5141,8.7348
6.1466,5.8699,5.9127,5.1195,6.5284,3.7817,3.9478,3.9756,4.1797,3.8243
9.0994,6.5539,7.252,4.1218,4.3458,5.8902,5.2314,6.9173,8.6204,8.9401
7.4745,7.6633,7.8672,8.9564,7.6608,9.6478,6.3739,6.144,7.1287,13.789
3.88,4.3166,3.9096,3.9761,3.795,5.7867,4.2282,4.478,5.7949,6.5792
12.342,8.0326,6.4805,8.0365,12.18,10.094,7.5107,10.051,6.9014,10.124
10.331,5.9231,5.3193,5.6466,6.5111,3.8693,3.9852,4.6251,5.354,5.133
13.726,8.6045,5.3829,5.8072,5.1934,3.9151,4.7538,5.0305,4.7757,8.7399
11.765,11.585,9.6849,9.7756,22.554,6.1147,5.5835,6.4378,7.9359,9.4959
4.3007,4.6576,4.5674,4.6456,4.2732,7.2432,4.7111,5.9258,7.5837,10.269
3.8848,3.7756,3.7065,4.4519,4.0032,5.5038,4.52,5.197,5.1687,5.1281
3.8171,3.492,4.3848,4.858,4.0802,4.6688,4.6303,5.624,5.314,5.41
7.9993,5.4853,5.5484,4.4349,3.9276,5.9026,6.5444,7.1047,8.5922,15.619
9.0084,8.6948,6.7366,8.3577,8.3766,6.1514,5.7366,5.4837,9.0765,6.1439
8.2602,4.2532,4.6533,4.6196,6.5069,3.6628,3.5669,3.5118,3.6723,3.5926
6.402,7.5538,9.3,8.5819,6.6958,6.6343,6.7454,5.0927,5.7673,8.1058
4.7169,4.0561,4.3379,5.1488,5.6998,7.7426,5.6291,4.8484,4.6334,6.0388
27.98,10.441,9.8781,12.142,10.946,13.342,11.548,13.31,12.489,11.553
3.9865,4.1491,4.8116,5.192,4.3497,6.4322,5.4049,5.365,4.666,5.5448
6.2072,5.1819,4.7801,4.3441,5.6458,4.2802,4.4096,3.6526,3.4601,3.8261
7.5444,4.648,4.1853,4.9641,4.7399,4.4029,4.0704,4.0296,5.1275,4.4041
9.8788,4.3598,5.1273,5.1196,7.5983,3.9195,3.6723,3.6455,4.1691,3.8408
14.609,17.478,19.143,17.927,14.439,23.656,15.74,14.111,16.068,26.006
4.111,4.625,3.9464,3.662,3.938,5.981,5.7837,5.4006,5.2332,7.4667
25.182,12.106,8.3562,10.878,14.028,4.952,8.1045,9.6863,7.6328,12.849
26.05,14.319,12.725,19.79,20.893,18.264,13.698,12.651,10.502,7.6025
8.2148,7.7533,8.2834,8.1192,8.9627,9.3053,6.2547,5.5439,6.646,4.7976
4.3338,4.4183,4.7591,4.1157,4.3292,4.9703,5.3521,5.992,4.5327,6.2178
13.468,11.588,12.956,12.671,16.995,20.664,16.618,12.866,11.091,11.516
13.994,7.6106,7.1085,7.3635,10.326,4.9435,5.2102,7.347,5.8811,11.054
4.2868,4.0617,3.9299,5.4794,4.5279,10.923,6.6907,4.9682,4.8146,5.2013
6.6069,5.0828,4.7059,5.0471,6.6954,4.8923,4.5619,4.3734,4.9997,5.1027
7.815,4.1533,4.8814,4.7525,5.5681,4.1208,3.5782,3.8868,4.7886,4.9232
3.6159,3.5139,3.4811,3.7798,3.7712,7.3175,4.7385,4.6171,5.8633,4.7653
6.6975,6.71,7.5967,9.0448,12.429,13.549,12.402,11.529,11.582,12.746
7.9923,5.409,6.2188,5.1935,6.9541,4.5602,4.6633,3.7661,4.9933,4.537
14.056,8.9705,8.83,8.1153,11.061,7.6283,5.87,6.1911,5.3672,5.4986
3.7204,3.6269,3.9539,4.4472,3.9137,6.9317,4.6492,4.3676,4.606,4.9186
3.9361,3.9055,4.0189,4.4143,4.4143,9.152,5.1763,4.6253,4.9253,5.4294
8.6923,5.9184,5.6818,4.9744,5.4266,4.0248,4.2994,4.6049,5.0209,4.4025
13.18,10.661,12.668,18.012,24.519,10.398,9.8388,10.025,11,9.344
19.246,14.142,16.315,14.045,15.149,15.66,15.615,12.368,18.192,24.916
6.8757,5.836,4.0016,5.0202,7.7575,4.0002,3.8992,3.6969,3.7315,3.9619
6.3836,7.8156,5.9294,11.816,11.558,6.0017,4.8434,5.0822,4.4815,3.802
5.467,5.1346,4.6734,4.8909,5.6504,3.8435,4.2295,3.7011,3.7106,3.8123
21.85,11.876,6.8664,13.308,12.673,8.9341,8.4234,6.3265,6.7959,4.3241
12.501,7.1745,5.8216,7.7204,7.9259,7.8554,5.816,7.0978,4.0787,4.0764
8.6181,9.6125,6.7458,8.6543,7.0417,6.4606,6.4823,8.7889,7.9288,6.9949
8.4275,5.8202,6.5596,4.8137,6.0645,4.2346,3.8116,4.8563,4.9424,4.8721
15.599,9.1255,6.6385,10.035,8.3452,16.705,6.5535,7.1051,6.7554,4.2748
4.0166,3.5508,4.1334,4.9548,4.63,7.2803,4.9843,5.7128,6.0578,5.0647
16.593,9.3266,7.7845,7.4088,9.8735,4.3476,4.6536,5.8475,5.9237,11.221
5.7273,5.8823,8.9765,8.901,12.492,10.617,6.0062,7.0248,4.9622,4.4126
3.6384,3.8719,5.7739,5.2042,6.5295,6.7082,6.0098,5.1684,5.7969,5.177
3.6033,3.7028,3.7393,4.3821,3.7453,7.822,6.0339,4.8423,4.9363,4.8773
9.1729,5.4802,5.8714,4.79,3.9319,6.2348,6.2246,6.0217,6.594,12.263
3.8279,3.6537,3.739,3.6285,3.9989,6.9284,4.38,4.078,4.3628,6.8699
6.0104,4.3532,4.1596,4.1522,5.7752,5.0832,4.2261,4.2134,4.2605,5.3586
11.306,7.0341,7.6452,4.0387,3.9619,13.266,8.0659,5.5059,7.3506,6.5864
11.605,10.165,10.376,12.169,8.8588,13.675,13.705,10.598,12.737,6.9602
6.2608,4.4676,4.093,4.4655,7.1816,3.94,3.6973,3.593,3.6755,3.9043
5.1123,4.6602,5.3927,5.4445,10.748,5.4725,4.2844,5.2084,4.0142,3.9287
12.95,7.1216,4.9951,4.2636,4.2741,5.4135,4.5785,4.2102,4.8114,5.6428
9.9759,7.9371,6.3003,5.4302,5.0258,3.8704,3.7497,4.7028,4.6481,7.0265
5.1819,5.6303,6.2329,8.0128,7.9969,5.2633,5.6285,4.9798,4.0403,3.9426
6.3979,4.469,4.3706,4.3424,5.4079,3.6048,3.4799,3.8092,3.792,3.8438
14.308,5.5006,7.189,5.3522,5.0779,7.6011,7.3837,7.8176,6.4979,9.1103
9.999,6.0278,5.8041,5.7299,5.4521,4.0331,4.2209,4.821,5.1167,6.7993
4.457,3.7442,4.4561,5.9157,5.0191,6.3441,5.8405,4.8393,4.2085,5.6722
7.5968,5.6684,5.7786,4.6461,4.3614,5.2531,5.1797,5.3466,6.4656,8.967
9.0152,4.8951,4.9334,3.9196,3.6046,5.4822,5.7053,4.8898,7.4061,9.935
3.8769,4.0799,3.8049,4.1201,3.7099,5.1561,4.3819,3.9241,4.7807,5.7782
4.2054,4.703,5.5836,5.1878,6.0281,12.357,5.9282,5.9093,4.8621,4.4926
4.2205,4.0778,4.3859,5.3081,4.1445,6.7203,5.8611,4.7632,4.8249,4.5237
4.9248,4.9178,6.7312,5.4222,6.6309,14.675,8.6754,6.9465,5.5774,5.8135
5.4233,6.0787,4.6678,3.5374,4.1808,6.2034,5.8776,6.8848,5.456,9.5432
3.8722,4.5019,4.5623,4.6796,4.0035,8.8718,4.3937,4.915,4.6229,4.6193
6.3702,4.9077,4.5049,4.1462,3.665,4.5156,5.6524,5.4014,5.3178,8.0114
6.4764,7.3915,4.9552,7.7347,13.044,4.7678,6.061,4.9081,4.6612,3.9216
3.8553,3.7431,3.6746,4.4621,3.7896,8.1276,5.2998,3.9289,4.541,5.5048
11.355,7.5541,6.3616,6.7738,13.994,4.3381,6.5495,4.9433,5.506,4.4505
8.1001,7.7787,4.9097,4.8402,5.7232,3.8296,4.045,4.732,6.8608,8.7245
11.659,5.4712,6.9862,5.0172,5.0483,3.6789,3.8807,4.6126,5.472,5.982
12.785,11.779,10.502,10.152,20.041,5.9809,7.3746,7.0608,6.6207,5.9231
41.926,18.544,18.655,27.247,25.639,21.54,16.992,16.094,16.902,34.617
4.9659,4.6955,5.0392,5.7445,7.3775,5.5962,6.715,4.8198,4.0845,4.926
4.5082,4.3796,4.5135,5.6681,7.9522,4.2405,4.3086,4.0438,3.6451,3.8616
3.9921,5.2337,8.1373,4.9911,11.881,13.609,8.21,8.2422,7.0073,8.1993
4.6485,4.8619,4.3033,4.1973,4.4997,5.2901,4.3695,4.6817,5.4841,6.8644
7.5701,5.3658,4.8073,4.5604,3.8557,6.8885,5.7814,6.5713,9.4809,13.844
4.4448,4.6479,4.7683,3.5993,4.0851,7.8594,5.277,4.9234,4.9582,8.4818
3.731,3.6556,3.5879,4.0269,3.9004,7.6678,4.76,3.8922,5.1657,5.7966
6.9234,4.0759,5.1164,5.1059,5.6875,3.8709,4.0038,5.2321,4.8836,3.9151
5.2954,7.8667,9.7357,8.2477,16.47,16.675,7.5477,9.0551,11.401,17.534
4.6767,5.4732,6.5149,4.9005,5.1116,3.7038,3.6167,3.519,3.7084,3.69
12.797,5.5495,4.8937,5.6991,4.4297,3.9169,4.782,3.7384,5.2691,6.8193
4.4064,4.6536,4.0783,3.9328,3.9862,5.1802,5.0769,5.2421,5.9843,8.4676
3.7637,3.9311,4.4185,4.2134,3.8311,6.7354,6.6267,4.2385,5.4363,5.9958
3.5195,3.7053,4.2544,4.0054,3.7445,6.7751,5.1209,4.7726,4.5763,4.8576
7.319,5.8461,8.7806,8.4497,16.156,8.6191,5.9612,7.9622,6.4405,4.9416
19.942,8.2693,11.187,13.352,14.506,11.928,6.9358,6.8149,7.7078,5.7056
5.5462,4.8698,5.0929,5.4602,7.8027,3.933,4.4156,3.93,3.9712,3.7113
3.6586,4.011,3.5373,3.5127,3.8164,6.2159,4.8647,4.4286,5.0505,6.0192
4.3987,3.9548,3.9144,4.8252,4.6421,7.996,5.2805,4.3529,4.3348,6.456
5.4565,5.651,4.3245,4.2875,6.4899,4.5809,4.1607,4.217,4.1302,4.9633
8.0491,5.4819,4.7796,6.2263,7.3523,4.0917,3.9647,4.6412,5.7208,4.4289
7.9118,9.8564,7.4145,5.6637,5.9682,7.9641,9.1547,6.0316,11.993,14.352
4.4954,5.9111,3.7016,3.9202,4.5193,6.4597,7.1766,4.6711,5.6346,9.5321
14.63,5.8569,5.3102,7.4315,5.0253,4.1075,4.5961,3.9605,5.2668,4.9301
3.8354,3.713,3.506,4.381,3.8381,7.1257,4.8077,6.5911,4.1692,5.2669
11.654,7.4597,6.4083,7.4042,6.1693,3.8233,4.2554,5.089,5.2861,8.4234
9.9106,7.7492,5.5209,5.9582,6.8495,9.1471,6.7678,10.442,7.3601,8.2389
4.8982,4.8729,4.7288,6.6486,6.5131,5.158,4.5635,4.0098,3.6275,4.0702
25.422,18.137,15.94,12.812,20.139,12.127,15.66,11.318,14.053,20.28
3.7105,3.6286,3.4081,3.5247,3.5971,7.263,4.5384,3.9932,4.2082,5.5853
18.586,13.585,12.941,15.67,11.657,31.572,26.136,16.41,16.317,26.945
20.095,13.464,12.443,9.8485,21.87,11.073,12.717,8.2545,16.4,30.545
9.2895,4.9801,6.1636,5.0856,5.7607,3.8504,3.5993,3.8917,4.1393,4.0536
5.0575,5.1759,8.2201,7.5291,8.2348,15.53,9.3917,11.892,9.4678,9.9094
3.9144,4.1815,3.5004,3.3971,3.6046,4.1669,4.3478,4.8388,3.9002,6.8443
10.209,10.965,9.0773,8.6331,10.195,10.479,5.1195,8.2417,7.6076,9.662
14.538,8.495,7.9839,11.363,20.477,6.8004,6.9375,9.3759,7.5882,10.133
6.5915,5.341,6.1878,5.3384,5.7372,4.8603,4.6902,3.9764,4.6448,5.3852
5.3673,6.0829,6.0439,7.3185,11.588,6.2027,7.9918,10.73,10.033,6.3503
4.1373,4.3333,3.678,4.1653,4.1736,10.977,6.2346,5.2407,6.2381,7.1664
4.5804,4.4974,3.6536,3.5204,3.8867,5.9103,5.8607,5.1038,5.1528,6.5468
4.938,4.5376,4.7695,6.3967,5.1598,5.82,5.6287,4.4052,4.2713,4.3678
21.763,34.276,51.36,50.334,39.471,40.927,48.721,23.271,37.802,45.884
12.153,10.834,15.161,7.2366,17.52,11.546,19.201,11.971,11.676,32.052
4.3351,4.2067,3.7864,4.8364,4.8449,10.151,6.2288,5.6773,5.9143,6.449
19.221,7.1434,9.9134,9.3459,7.4309,4.2388,4.2252,5.2077,5.676,6.1516
7.2856,5.4378,4.9225,3.9681,3.8897,5.2666,6.824,5.248,5.6168,10.282
8.497,9.3207,8.9481,8.0069,10.385,13.422,6.5957,7.2268,6.8494,5.5363
6.0013,5.1356,5.104,8.5383,10.767,4.5234,5.1791,5.2509,5.5524,4.1399
3.9112,4.1745,4.2483,5.2271,6.0186,9.5288,6.7405,5.2821,4.8637,5.0714
12.096,13.167,12.315,8.9306,12.55,5.3457,13.945,4.605,10.769,26.412
10.93,5.018,4.8124,6.8215,7.2806,3.932,3.7803,3.7157,4.2508,5.121
5.678,4.6105,4.0837,4.5571,5.6009,4.3035,4.2632,3.8135,4.2002,4.373
4.0457,5.1033,5.1606,3.9056,3.7772,4.8925,4.6815,5.8973,6.7466,9.1446
11.922,6.0671,5.9673,5.0123,3.6677,6.0565,5.662,4.7407,7.5891,10.308
14.295,11.631,9.1845,5.8381,6.0579,5.5089,8.1142,8.4159,7.6958,13.162
9.77,7.4336,6.3735,5.0158,5.6216,3.8892,4.8756,5.5974,5.2092,5.8817
28.618,11.316,8.9065,11.999,25.155,9.9549,7.4428,9.3659,11.388,18.267
10.037,12.526,10.225,6.107,5.3972,18.69,14.089,5.824,9.2022,18.935
5.9216,5.4022,4.8873,5.0541,5.6283,6.8145,5.9279,10.686,6.3303,9.7033
6.3506,5.0135,4.9847,9.159,10.066,4.6943,4.9559,4.3717,4.1826,4.0618
8.2989,5.3533,5.6976,4.4145,4.823,3.8613,4.2658,4.5533,4.0746,4.03
13.149,8.6023,6.0567,6.2955,5.0215,5.5249,6.9131,4.9723,5.9947,9.0342
6.7101,4.6323,4.1153,3.6463,3.6331,5.5604,6.4505,5.265,5.1287,6.9763
3.719,3.4048,3.8272,4.3676,3.7073,5.7417,4.4567,5.2999,4.4198,4.8099
5.2832,5.5331,4.2284,4.0018,3.8725,4.7744,4.6756,5.0133,5.6842,5.5025
7.7157,9.6457,9.1498,9.9604,6.8416,19.603,11.378,9.9328,14.986,20.718
4.0796,4.0165,4.8116,3.8245,4.4961,7.8792,4.6541,5.3035,5.7818,7.0693
5.9963,4.5589,6.0892,6.0805,9.8072,4.3349,4.5161,4.972,4.3283,4.0028
3.9349,4.7442,4.9233,4.5101,3.773,6.8013,9.7985,6.9687,6.8028,11.219
4.4164,4.2808,4.0725,4.2152,4.2117,8.4751,5.3897,5.6506,6.185,7.5659
5.025,5.9197,4.9531,6.6388,10.441,5.8685,5.1413,5.5932,4.4523,3.8268
23.753,29.975,21.806,31.422,31.099,11.004,14.054,8.9819,10.888,12.279
5.7113,7.2281,5.0748,4.9778,8.1499,9.0069,7.2512,4.0254,5.5833,5.9469
10.886,6.0532,4.0577,6.3129,5.0169,5.5574,6.7247,9.0775,6.8696,8.9063
7.0518,7.0212,7.4474,5.7639,15.568,7.8525,5.5415,5.2229,4.4327,3.9999
9.0759,8.8615,7.4638,6.7841,6.531,6.1398,6.8884,6.311,6.2048,7.9479
8.8388,7.3845,6.6291,5.7127,5.6841,4.8264,6.5176,4.7358,6.9135,8.857
18.419,13.891,17.781,15.728,15.855,23.488,20.674,14.394,14.873,12.752
10.86,5.7958,4.4829,6.3001,6.0498,5.034,4.0709,4.4714,4.5467,5.0025
10.359,5.2684,5.6375,5.2745,5.7842,3.7422,4.258,4.6625,5.0922,5.2406
16.839,16.382,11.833,14.01,23.727,6.4033,11.828,21.383,15.332,38.098
9.8855,4.8811,6.9481,3.8184,3.8686,9.3159,7.1787,6.3989,7.2767,11.468
6.4419,4.4613,4.8298,6.6706,6.8904,3.7082,4.0043,3.7997,3.7017,3.6723
5.9783,5.05,5.3484,5.4498,6.182,3.5599,3.493,3.7757,4.2288,3.8612
8.8888,7.637,6.8137,4.671,6.0147,7.0543,5.9461,6.2009,10.192,12.075
4.8535,4.1445,4.6156,4.4635,5.6526,3.8481,3.4302,3.6867,4.5006,4.2864
3.8433,3.4978,4.2313,4.5897,3.9387,6.5858,5.1425,4.8873,4.6125,4.7944
29.05,11.657,22.251,17.161,15.984,23.956,25.883,15.548,14.483,10.523
8.7022,6.7606,13.754,11.815,13.926,6.1588,6.141,5.3738,7.2975,6.3951
6.1219,4.2964,4.5117,4.1745,5.4706,3.9312,3.8166,4.0976,3.9166,3.9211
9.0963,8.2065,9.0646,8.2021,8.2089,5.3642,6.8741,4.8144,6.1275,11.079
6.1531,6.2922,8.5928,8.0111,15.458,5.8699,5.2523,5.5409,5.1133,4.3363
7.476,4.161,5.7738,4.2658,5.1815,3.7147,3.4225,3.697,3.944,3.7119
3.7527,3.5357,4.0591,4.3356,3.8853,6.5482,4.7022,5.6482,5.3909,4.9034
4.2734,4.8317,4.462,3.4805,3.7817,4.6928,5.3136,4.9227,4.6556,5.8918
5.0403,4.8046,4.8124,5.1527,5.7294,4.7221,4.5572,3.7091,3.6338,3.8102
13.468,7.1955,10.976,7.5144,12.751,11.145,11.577,11.772,11.581,13.119
31.747,19.691,22.165,17.681,20.36,7.7679,9.9196,13.476,13.045,14.282
5.0997,4.5354,4.3819,4.2592,4.9082,9.6206,5.6397,3.5966,3.5671,3.7296
44.947,52.526,43.124,22.624,25.946,41.947,21.457,19.205,22.623,28.338
4.5379,4.8225,4.8562,4.1882,4.0692,6.2957,4.6786,5.1962,5.1354,6.0092
11.736,10.411,10.993,8.2919,13.685,10.83,8.2802,10.65,15.115,18.463
11.677,6.6282,5.5633,8.7037,5.476,3.5964,4.6625,4.3636,4.2613,7.2876
19.341,17.636,10.63,11.6,10.287,5.2938,7.2401,7.0758,6.7762,9.8222
4.8267,4.9382,7.1116,8.2479,10.42,11.204,6.502,7.5543,6.0985,6.4091
7.0931,6.8566,5.0473,6.6406,16.361,12.57,6.8623,4.1994,4.2512,4.0944
19.381,13.893,16.288,16.011,15.556,24.272,18.236,16.01,13.687,10.954
6.3101,5.3659,4.8095,5.0714,5.4627,4.4148,4.3824,3.8301,4.0135,4.6096
9.4965,8.3552,8.2207,11.218,15.555,13.371,8.6399,9.5403,8.9878,11.865
32.995,29.876,25.575,36.595,37.806,42.869,44.449,28.029,22.105,34.814
7.4426,5.7393,5.3167,7.2579,6.8855,7.4361,7.6923,9.0093,7.9817,6.6068
5.3786,6.679,4.9107,5.0185,4.2512,6.5591,6.3709,4.7238,7.9145,9.5011
9.0774,5.3479,5.6083,4.7177,6.4062,4.3024,4.6508,4.9052,5.6903,4.1485
6.2417,8.9905,10.335,8.1081,13.227,15.685,11.169,14.344,12.898,11.532
3.8566,4.0977,4.1125,4.0661,4.1215,9.4241,4.435,5.9604,4.4663,5.0158
4.0376,3.9954,3.9495,4.0711,4.1754,8.4909,7.0534,5.839,4.5743,5.1444
10.685,6.0822,4.8129,4.7969,4.9622,4.0358,4.1211,3.7907,4.3528,4.4258
7.7039,7.4661,5.9939,7.6948,6.0618,12.469,8.4632,8.0337,7.1957,4.5989
8.5543,6.7964,6.1953,8.3618,6.6708,3.7879,3.9357,5.2616,4.6983,4.7449
5.0337,5.4526,4.9522,5.8003,6.9859,7.2929,6.5877,5.9036,6.2225,5.7315
9.1295,13.768,13.865,11.471,18.293,25.976,20.913,19.241,23.125,21.8
3.9076,4.3194,3.8735,4.4319,3.8815,6.807,5.0209,4.1986,5.1056,5.1077
22.122,10.999,14.185,11.964,10.986,4.4777,6.2373,5.9114,4.9498,11.55
5.0197,4.7331,4.7203,4.9536,6.7454,4.3628,5.0248,4.4407,4.116,3.8903
8.7133,7.5274,6.0687,4.4951,7.1244,4.1568,4.3062,5.1436,5.3109,5.0944
11.815,6.159,4.6087,8.5294,7.4651,3.9939,4.3878,5.22,4.3124,7.8721
10.823,4.8436,6.8972,5.1566,4.6695,8.7901,12.301,7.7518,14.154,12.741
5.3191,4.6047,5.0391,5.2151,7.1232,10.83,8.4904,5.2722,4.4802,6.0354
5.6994,4.5297,6.3629,5.0426,7.6105,4.3235,4.9342,3.7311,3.7837,4.3688
3.9724,3.6483,4.1196,5.009,4.1332,6.5761,6.0652,5.1526,5.7372,4.6582
10.013,5.8051,4.9401,5.7684,6.4281,4.9866,4.3069,4.4317,6.0753,6.8293
3.7101,3.8923,3.5911,3.859,3.6705,4.9745,6.241,6.393,5.4476,5.9693
4.9441,4.8023,3.7893,3.7989,3.7526,7.3658,6.1565,5.2029,5.3176,10.998
5.1314,5.4431,3.7402,4.0416,4.0741,5.9452,5.9252,4.6023,6.3722,7.4568
14.524,8.8167,8.1649,5.1455,4.5583,6.8026,7.8768,7.6299,7.5605,12.652
3.9212,3.7611,4.3462,4.7313,5.4596,8.6767,6.4152,6.0402,5.85,6.3462
6.3344,5.2882,5.5599,6.0784,5.0441,3.8146,3.8487,3.8035,4.1465,4.0086
11.18,21.415,21.809,16.254,18.829,28.204,12.144,29.272,22.941,26.135
6.7768,4.4551,5.3235,4.5641,4.9748,3.8114,3.6052,4.5088,4.2529,4.4072
3.6317,4.2516,3.5214,3.4744,3.7123,5.4347,4.7211,4.1353,4.3959,5.815
4.6889,4.2518,6.3153,5.2984,10.374,12.646,9.5722,7.8469,7.1416,16.981
22.062,25.133,11.845,20.345,40.97,33.589,19.164,21.571,16.002,14.414
23.538,8.4586,10.863,9.0817,7.8266,6.4524,8.9827,7.3936,5.6874,14.437
34.111,20.997,20.746,26.121,28.475,48.252,17.887,15.516,22.493,28.675
26.239,36.471,25.136,33.957,41.118,18.74,24.513,27.571,23.983,36.114
3.8015,3.6292,3.693,3.8228,3.7794,5.4146,4.2429,4.2205,5.3972,10.087
7.571,7.7418,9.4972,10.545,9.5435,16.185,8.1907,12.466,11.013,14.066
6.3501,7.0941,9.0948,8.6564,6.1133,14.666,10.142,7.3918,8.8424,13.448
4.8055,6.8976,10.314,7.4731,18.645,10.952,6.1295,5.0446,4.3346,4.1651
4.0986,5.356,7.7586,5.1285,11.912,19.079,8.4589,9.9119,7.9417,11.072
15.747,9.9297,8.7456,9.4824,10.721,8.5565,5.7762,7.6687,4.7932,4.9592
39.441,42.185,29.883,24.527,44.053,39.79,24.339,27.921,23.676,35.553
25.964,10.219,8.0908,17.258,14.832,4.1229,4.8691,11.037,6.0347,16.315
6.0807,5.7145,8.5791,5.6993,7.1051,7.1896,5.6081,4.9078,5.4671,6.3599
25.556,12.863,14.278,9.4086,11.52,6.0565,11.523,9.8607,10.92,19.119
5.5599,4.5918,3.9843,5.3547,7.4876,3.5859,4.0064,3.5561,3.6454,3.6574
5.2071,6.334,4.7027,7.861,11.135,8.9683,4.5998,5.3219,5.5599,5.2094
3.9792,4.0641,5.0684,4.2944,3.9016,10.887,6.3857,5.0038,5.0265,12.17
9.2073,9.2247,11.5,9.5117,9.45,6.4235,6.6783,6.2473,5.7171,6.611
5.0404,6.1218,4.5323,5.8214,6.4373,6.6912,6.9526,8.3729,6.6063,6.1518
9.9749,7.4711,4.4751,5.8624,4.7544,4.0435,5.0137,4.2852,4.8264,4.2392
3.7563,3.9379,3.571,3.8227,3.9027,4.9369,4.6002,4.5867,4.4718,6.1029
7.9572,4.1026,4.428,4.9978,6.5512,4.2861,3.8722,3.9031,3.7314,4.2265
7.1757,5.2535,6.8011,8.3055,8.5256,4.2806,3.5073,4.4766,5.6855,5.6464
8.0838,6.4209,5.7092,6.322,6.0735,4.4897,4.8571,5.4191,8.9786,6.8289
5.2852,5.1101,5.1963,4.5624,5.6459,3.6684,3.6401,3.5036,3.653,3.5956
8.9585,6.0563,6.8657,5.8172,4.305,9.2752,8.4115,7.2346,8.5293,19.086
9.2626,7.5513,9.7934,6.5102,5.6618,10.176,9.1641,5.6409,11.249,17.614
4.452,4.3997,5.3949,4.2279,4.4071,7.7162,5.161,5.0102,4.4039,4.7544
4.9174,4.0438,3.8001,4.4287,5.3189,3.6935,3.9707,3.4041,3.4977,3.7916
7.1715,4.3451,5.0096,4.3458,5.3698,3.8084,3.7413,3.9518,4.1074,4.1098
4.5568,4.7877,3.9625,3.7163,3.904,5.7401,5.1045,4.5449,5.4144,8.1879
15.689,12.208,7.4158,9.2506,17.308,4.1103,5.9725,8.107,12.741,9.3722
9.1484,7.8094,7.7003,6.0944,6.7484,4.4962,4.7689,4.3277,4.7257,4.5826
8.7497,5.4576,6.5434,6.4111,6.5307,3.8094,3.9311,4.7553,4.7645,6.5363
7.4254,4.8571,4.3975,5.062,7.7499,3.9383,4.4392,3.8247,3.8941,3.7425
3.9722,4.6826,3.8719,3.6487,3.7122,6.5804,5.5764,4.9665,7.137,5.2791
4.4968,7.6795,9.2917,10.173,18.49,16.816,15.289,8.7154,11.129,21.601
6.6939,4.3462,4.2275,3.7252,3.892,6.1926,5.7283,5.3425,4.3653,9.5102
11.601,6.8259,6.9333,4.538,6.1503,5.0058,5.8149,7.3101,8.8517,7.2908
6.1531,6.3827,7.1836,4.6076,5.773,4.6057,5.4224,3.7876,4.0755,4.2968
7.5243,7.8063,5.5742,4.5757,5.3734,4.6252,4.2708,4.7354,5.7556,5.2719
9.5301,8.1324,8.6295,12.618,13.379,18.957,19.095,25.227,31.167,27.188
9.7492,8.5979,4.1919,7.4563,5.3883,4.6825,4.2196,4.9718,4.5503,6.625
5.524,6.4828,5.9258,4.6017,6.3085,3.8978,3.619,3.9567,4.3139,4.085
3.8454,4.1719,3.6385,3.9287,4.1659,5.5435,6.308,5.5529,4.7837,7.1475
8.8083,5.2743,5.5013,8.3969,8.3018,3.6488,3.5352,4.4751,4.3025,9.7791
9.9729,14.986,10.194,13.404,19.904,20.688,15.548,17.647,13.391,7.7742
7.333,7.8621,10.092,13.054,20.296,20.712,13.696,8.4753,11.422,17.919
5.951,5.6695,5.125,4.7868,5.9204,4.3726,5.2501,4.8626,3.9198,4.1476
17.617,12.411,7.7787,16.465,8.1335,15.57,15.159,19.726,17.62,17.801
8.2344,5.5532,4.7022,4.0931,3.8889,4.7868,5.0889,5.7426,5.4644,6.7672
9.3862,9.8209,8.6352,11.8,11.295,5.4797,7.9834,6.9729,5.2804,9.9075
11.149,5.0353,5.5554,5.042,4.3594,10.891,7.9167,5.677,8.4048,8.7596
9.261,5.4312,6.7198,5.8837,12.089,11.496,5.9354,8.3186,3.888,4.0573
7.2578,9.3154,9.1483,6.8981,7.3771,4.0403,5.8939,5.0559,5.7577,7.9265
21.767,11.144,13.861,11.587,26.531,13.8,11.429,10.904,7.1705,6.3162
4.9165,5.4753,4.891,5.3988,4.9059,6.9275,4.87,6.5582,5.9329,14.567
23.44,21.349,28.845,16.245,24.538,5.6703,8.7547,11.34,6.0519,13.25
4.4973,4.1911,5.5032,6.3791,5.5047,9.944,9.2452,4.9479,6.5422,7.7657
3.601,3.9053,4.2353,4.0225,3.7664,6.5712,4.3375,4.3755,6.1789,4.8571
4.4433,4.4608,3.9228,4.4686,4.929,17.056,7.0653,7.096,4.7139,5.6463
4.7376,4.2619,5.1859,5.22,5.8252,15.496,6.6356,7.5253,7.3804,5.6388
9.175,6.6094,7.1489,6.8572,7.9965,5.6853,5.5676,4.5894,4.6317,5.5458
4.2947,4.7335,3.8081,3.8742,4.2045,6.3686,6.3806,5.5042,6.3943,5.6004
6.6663,5.3527,4.8989,6.1394,9.2201,8.1907,6.5931,4.7309,3.9064,4.6329
9.8631,4.8835,4.9434,4.6617,8.086,3.6218,4.5167,4.5963,4.1308,3.7788
15.28,6.8726,5.4158,6.8663,7.3362,4.5295,5.0917,5.0199,6.8704,4.695
11.28,7.8746,5.2272,8.6904,9.3115,4.9391,5.3209,4.6657,6.9612,4.8169
10.573,11.106,10.576,11.649,17.573,15.128,10.098,10.521,11.687,11.388
8.5364,8.9831,4.9957,10.91,11.766,8.7198,6.3231,5.9267,6.4819,5.4637
14.721,8.3292,7.5839,6.6017,6.0958,3.8312,4.5656,5.9685,5.7249,7.2621
7.3414,9.1163,7.1588,6.0721,8.0707,5.4257,7.3505,5.6336,6.8577,5.7075
11.85,8.7113,7.065,9.5073,7.633,6.5979,8.913,7.5741,9.1263,6.747
4.5709,4.2558,4.7288,5.8944,4.9729,10.288,7.4927,5.4472,4.7664,5.3008
7.6863,8.9139,8.3258,5.9512,7.8996,4.4527,5.2958,5.4819,5.5648,9.1005
23.829,12.868,9.8645,9.5785,18.264,6.4702,8.4165,7.3446,7.3727,9.5615
4.5059,5.0863,6.387,5.0694,6.7342,12.474,10.973,11.214,5.5428,5.3334
21.998,11.781,13.907,8.9348,14.978,14.853,8.2771,17.426,11.789,18.292
6.0134,6.1376,5.5155,4.9296,5.2834,4.1151,3.6671,4.8547,6.7678,5.5205
10.069,7.4348,7.337,6.2014,6.7875,7.241,6.3375,9.3785,6.219,6.3869
4.7294,9.6409,6.5286,15.574,20.989,12.428,10.336,17.01,19.661,36.336
4.9193,3.5861,5.9257,7.0055,6.3819,6.4392,5.3629,5.0619,6.0113,6.1618
7.4876,4.4461,5.0094,5.1038,8.5857,3.7764,3.6358,3.7158,4.2482,4.881
10.212,5.1429,4.3478,3.8326,3.6843,7.7732,6.0756,5.1042,7.4292,11.664
4.0329,3.9098,3.6259,4.5984,4.8128,10.011,5.0557,5.8487,4.8614,5.7119
6.8588,5.388,10.432,7.2005,9.9413,7.4088,5.0848,4.725,4.7376,3.8829
4.027,4.2989,3.9184,4.1414,3.7292,5.8002,5.0601,6.8141,5.959,9.2519
3.6352,3.8062,4.3808,4.7428,4.1222,11.043,5.1825,6.1554,5.7649,5.2579
5.5344,4.3814,4.1227,5.0138,7.0776,4.5853,4.6018,3.8891,4.9343,6.8541
11.138,8.84,7.3697,8.8256,17.561,7.8371,6.7944,11.021,9.3969,8.9544
7.9215,4.8778,4.5922,4.4729,5.3016,3.9514,3.9183,4.534,4.8562,4.7726
5.0108,6.8657,4.4445,4.7341,7.6081,4.0263,3.6912,3.4799,4.1915,3.8692
13.711,7.8609,6.3319,5.3926,5.262,4.8618,5.4926,5.0734,4.7889,5.8219
17.351,12.762,9.7356,13.438,14.581,15.227,18.474,11.025,12.68,15.524
4.753,5.211,9.1462,9.3104,19.211,29.41,9.6268,7.9881,20.593,21.942
7.7124,5.5507,5.5292,8.3823,13.673,5.8193,5.5533,4.4048,4.6654,4.9432
5.4742,6.196,6.1176,5.484,8.0538,4.3697,5.2296,3.7624,4.5019,4.0132
3.9208,3.9716,3.9322,4.6673,4.1188,6.0656,5.7162,3.9877,5.0204,5.3485
10.103,6.3173,6.3542,9.1075,12.705,9.5737,9.8955,11.096,10.462,10.969
7.4711,5.9744,8.2131,7.5813,8.4712,11.934,6.4455,6.7434,8.5302,16.165
5.108,3.8413,3.9521,4.8632,5.0511,9.5392,5.4488,4.4546,4.5659,8.1193
9.4436,6.0347,5.711,6.0787,5.3508,3.6831,5.0577,5.6117,6.8964,4.4556
4.174,4.442,4.457,3.656,3.9202,4.9058,4.8438,6.7596,4.7685,8.6695
7.6745,5.9827,4.2906,4.9176,4.6176,6.4842,5.3501,7.1442,5.4091,10.133
6.609,4.7277,4.4038,4.8696,5.2142,3.9528,3.5227,3.9584,4.6469,4.0963
8.2221,7.9396,7.5401,6.3941,13.455,6.9445,4.6372,4.7889,5.1114,4.2008
19.873,15.84,15.078,12.109,18.676,14.682,20.973,11.941,15.056,27.025
3.4307,3.3891,3.4068,3.401,3.4905,4.9556,4.2264,3.9043,3.9494,6.8578
5.0321,4.946,4.7954,5.6003,7.3939,4.2895,5.7352,4.64,3.8165,4.0511
4.034,4.2033,3.428,3.4011,3.758,6.0023,4.5025,4.8584,6.5252,6.2322
8.2908,10.137,14.681,15.731,18.079,15.204,13.753,8.7448,10.671,8.8293
4.9228,7.2963,5.8816,4.1627,4.3337,5.6113,5.0968,5.8095,7.2356,8.2875
4.6744,5.1643,4.6658,4.1076,3.8117,5.4016,5.9738,5.6344,7.0729,11.355
4.6098,4.8606,3.9869,3.63,3.8283,4.5526,4.3924,5.2652,4.0743,8.0581
4.54,5.0821,6.4124,9.2283,15.452,7.0012,6.9192,7.366,6.1191,7.4088
9.1103,8.7918,6.2445,7.6611,10.084,4.7215,5.4643,4.2421,3.9967,4.1194
16.168,18.364,13.234,9.5617,10.074,23.842,14.608,6.4898,13.98,28.183
14.019,15.256,15.274,13.356,22.052,23.397,18.857,10.238,7.7016,19.036
4.0893,3.8851,4.6517,4.6167,4.1744,13.146,8.9826,8.7275,7.4701,6.4888
13.417,6.2237,4.9741,5.0777,4.2562,7.6669,6.5526,8.845,6.3066,15.727
6.0249,7.2912,7.0068,6.916,17.518,9.2326,9.3965,10.112,10.415,10.573
52.59,36.065,27.04,35.493,49.651,33.96,26.269,45.358,43.754,29.564
34.422,21.162,25.899,8.8305,32.492,28.905,10.987,16.101,5.8505,8.4946
4.9776,4.3146,4.8757,7.3131,7.6622,8.1456,7.2569,6.4897,7.1446,4.7153
20.726,19.193,8.8987,21.504,17.462,4.6113,4.1941,11.562,7.7597,19.661
14.143,8.2442,6.7335,6.251,6.0078,5.2288,5.5456,5.662,7.2622,14.538
11.718,12.406,10.665,9.2374,7.3717,17.933,20.334,9.331,8.7323,31.463
9.2573,6.2728,10.038,6.9103,5.6152,4.2679,5.22,4.2313,4.2853,5.6434
9.9581,6.9119,4.6702,4.4318,4.9546,4.2477,4.7754,4.5055,5.1011,4.7878
21.847,12.509,5.3387,5.8987,5.7977,5.5905,6.2057,4.0882,8.7659,9.7258
6.2656,4.4695,4.2323,4.0458,4.2526,4.5339,4.1645,4.3844,5.243,6.7646
14.57,6.1978,6.4254,8.5182,4.9608,9.5917,9.1503,10.419,9.9401,8.3263
17.619,10.964,13.609,11.634,16.274,14.87,12.377,6.1937,10,4.8778
7.0355,4.6041,5.637,4.9657,11.638,6.5866,7.0249,4.4394,3.7506,5.6176
4.1451,4.7578,4.0925,3.3989,3.9057,4.4514,4.4916,5.0493,4.3939,8.463
29.172,17.03,10.508,15.381,21.512,21.229,13.443,30.396,31.321,65.827
4.5189,4.9845,4.3067,4.4164,5.0139,6.7914,6.5304,4.4275,4.3404,4.8495
12.097,7.0763,8.1739,6.2277,7.9033,3.9756,4.651,3.9168,4.5867,4.6571
8.0907,12.45,13.426,8.2404,9.47,13.162,10.396,8.7795,8.5746,11.877
4.0562,4.0311,4.6072,5.0341,4.6343,5.9656,4.3253,4.2976,4.8322,5.5126
4.984,4.8928,6.2523,6.6262,8.057,10.171,8.6126,6.9811,5.5551,7.0827
3.8707,4.4553,4.244,5.2339,8.7706,12.507,5.8706,4.9497,5.7496,6.9943
6.5251,6.2307,5.9403,4.7913,5.9863,4.7889,4.7125,5.4204,5.6055,5.0284
8.6295,7.1452,5.7469,5.9659,6.7468,6.1891,5.3763,5.2612,6.1406,6.0012
4.2155,4.842,4.1928,8.3876,14.294,12.945,6.7457,5.2594,5.2952,6.706
3.9149,4.041,4.4612,5.6634,7.1854,6.7334,5.5784,4.2428,4.5431,6.944
14.102,11.357,10.081,8.7095,12.535,5.8672,6.1961,6.715,7.0393,9.4058
9.0232,14.922,9.6774,18.382,14.847,31.478,21.463,23.897,28.744,31.625
4.6629,3.8323,5.5795,4.7459,7.0732,6.1992,3.855,5.4317,5.0704,6.3728
4.4155,4.7947,5.0048,5.0527,5.3499,12.815,7.4611,5.0159,5.1904,6.6911
3.8355,3.7467,4.2725,6.1749,4.4499,8.6206,7.2699,6.4919,5.5892,4.3283
5.9332,4.5441,6.1087,6.9522,11.173,4.3008,4.3432,4.2592,4.5853,4.0817
6.0799,5.4323,4.1443,4.1691,4.6294,6.0397,6.7626,4.8201,8.582,12.388
5.3301,4.9722,3.7393,3.4844,3.9867,8.0457,5.4345,4.6968,3.9122,6.9587
7.8529,8.1341,5.7894,5.6558,6.6064,4.0466,5.673,5.11,5.1533,7.4596
17.265,7.5891,8.2346,9.9412,13.268,16.126,12.953,8.5271,8.9076,6.0855
9.9848,11.625,9.6115,9.1951,7.6474,5.4321,6.7812,7.7877,9.1356,7.2709
4.8795,7.0684,4.1372,6.3789,5.3485,10.933,7.1852,7.5406,6.8862,10.05
5.3705,4.9451,5.2555,4.1601,8.2348,3.778,4.1946,4.874,3.9372,4.3073
10.933,5.98,5.7973,5.118,6.1257,4.731,4.3204,5.8529,6.0013,10.259
5.2947,4.8087,4.4481,6.0197,8.5043,5.0203,5.1087,4.0628,4.1058,4.5009
12.937,6.0199,4.3624,4.6114,4.0659,8.8387,9.1444,13.684,7.3173,18.761
4.2189,4.9213,4.685,5.4057,4.2064,10.045,6.0105,5.1094,4.8827,4.801
5.4959,6.0203,7.0979,5.9261,6.9686,6.0588,5.453,3.7469,5.0577,5.4212
6.6001,5.7111,6.4535,5.7813,8.3244,4.4552,4.2634,3.9194,4.8142,4.5337
4.0929,4.0455,3.7491,4.2316,4.3878,6.0708,5.2518,4.2958,4.3212,4.9898
3.902,4.5378,3.8907,4.4624,3.9453,5.5433,5.5304,4.4141,4.6859,4.7538
9.1871,4.9026,4.6946,6.1523,4.9927,4.1774,3.6016,3.9216,5.5798,4.8758
6.3153,4.0235,4.307,4.5135,8.2327,3.5156,3.6881,3.5264,3.539,3.5923
4.7804,3.902,4.9015,4.4346,4.9416,7.9172,4.6108,5.9712,4.1924,5.6114
5.5955,4.509,3.9824,4.3979,5.9703,3.9073,3.5977,3.5064,4.2825,4.504
5.2199,4.1172,3.9723,3.7641,4.0414,18.268,8.0082,6.304,4.5799,5.4605
4.6407,7.1737,6.6484,6.6459,8.3725,8.9977,8.639,12.655,7.2813,8.86
4.2917,3.7686,3.4638,5.1505,4.5824,7.1253,5.1534,4.4445,4.3356,8.1439
8.4114,7.8108,7.8171,5.7197,7.2535,4.6051,5.9633,4.8258,9.1788,15.405
5.0972,5.505,4.5907,3.6621,4.1892,5.1929,5.7376,5.5524,5.2204,8.2522
5.0114,4.6065,4.0084,4.0019,3.7545,5.9728,4.9888,7.3214,6.2812,6.4052
16.571,8.7367,8.9241,11.629,15.662,18.298,8.6517,6.3434,5.2751,5.0259
9.1859,8.2602,8.0292,5.6585,6.0709,10.701,6.2517,6.2657,5.0552,4.3408
11.165,5.0003,6.6027,5.6639,5.9158,3.9278,3.8323,3.6713,4.0675,4.1661
3.8526,3.7685,3.7089,3.7489,3.9271,7.041,5.0882,4.622,4.5711,6.8846
15.091,16.067,10.803,8.7918,8.2678,23.907,12.026,9.0733,9.1799,11.865
16.36,11.83,12.888,8.2812,19.839,13.012,9.542,7.8758,5.6172,5.7368
4.8422,4.8064,6.7644,7.9477,12.791,4.0779,5.9387,4.3148,4.5869,4.1205
7.684,6.3001,4.7218,5.2722,12.483,4.3347,4.6455,4.1644,4.3309,4.7145
5.6145,6.9286,7.1748,5.9286,9.9297,7.1712,5.7044,5.4767,5.1088,5.0768
4.2249,4.7571,4.1287,4.2471,4.0162,4.8199,4.8309,4.4351,4.6468,7.9662
7.0862,7.6974,8.8591,6.4789,7.7246,5.8452,6.6299,5.4053,7.4646,6.8062
4.0472,3.8056,5.7602,5.954,5.3001,8.2751,5.9345,7.6457,6.2554,5.9831
16.424,16.174,12.296,11.291,23.211,8.0104,10.555,12.448,15.612,19.759
4.2918,3.9547,4.221,4.263,4.2374,9.6896,5.7022,5.5915,4.4435,6.7997
7.1615,6.5763,5.7384,6.6534,5.7097,4.1889,4.4215,4.0844,4.9652,4.3368
15.615,14.446,20.929,17.492,16.64,11.297,12.159,8.1603,10.415,12.38
8.392,5.9166,4.8099,4.4821,7.4371,3.7711,4.0181,3.8235,4.2884,4.531
6.4342,7.8363,5.4902,8.0882,8.143,14.83,8.5608,6.291,6.664,5.6175
12.452,8.6396,9.3974,9.0554,8.4618,12.057,7.6418,15.424,7.9883,16.785
4.6541,4.74,5.1634,5.4858,10.597,4.3311,4.7339,4.3644,4.2305,3.951
7.9743,8.3905,6.5452,9.2814,11.72,10.129,6.0995,5.9892,4.6666,3.8726
8.9068,13.972,9.4081,13.723,14.126,24.092,12.489,9.5572,10.464,19.507
43.189,29.927,19.431,23.057,27.687,46.895,24.122,27.504,15.532,42.527
9.2172,8.1424,10.118,7.3585,6.4616,5.6152,8.3232,4.3181,6.4353,4.6871
10.52,5.5611,6.1993,6.989,10.785,4.7578,4.5546,4.2168,4.316,4.4897
7.6086,8.7566,7.4005,8.749,15.678,6.1513,5.2436,5.5823,4.9676,4.0874
9.0155,6.5894,8.9438,7.6685,12.47,13.858,7.4746,5.248,5.5186,6.4235
5.2488,4.4199,3.825,4.2165,3.9784,5.7872,4.6256,4.4283,6.8027,14.08
6.7205,9.2202,5.2293,7.7452,8.8235,6.579,9.8417,10.431,6.1346,7.105
3.9926,4.551,3.9436,3.5314,3.7368,5.5209,4.4843,4.7947,5.5039,5.2533
11.717,6.2568,9.9098,5.6694,7.6018,9.7815,8.5514,13.241,11.417,13.462
8.6667,5.3944,4.2257,4.5997,4.3962,5.7872,5.4988,6.4541,5.3184,8.4112
3.608,3.6987,3.5854,3.9011,3.5912,12.71,6.299,5.777,7.3606,10.004
6.5828,6.9018,4.9832,6.5349,8.5611,6.975,7.6704,5.4137,4.8334,5.7663
4.5524,5.1813,3.9024,4.4385,4.6749,5.3263,6.4945,5.8194,3.8744,6.1189
3.9455,3.4329,4.1795,5.2836,3.9742,4.9837,4.9221,5.1793,5.8782,5.5204
8.5053,8.6742,5.91,10.932,16.439,3.9544,3.9683,8.3356,6.1451,12.57
5.3823,4.368,5.0508,5.0423,11.931,4.3375,4.4541,4.4842,3.8169,3.8318
3.7572,4.1135,3.5753,3.9104,3.8537,4.49,4.9498,5.0134,4.9081,8.3186
3.9079,4.0653,4.2141,4.7123,4.0949,8.6075,4.7747,4.3742,4.1035,5.7725
11.627,14.191,13.297,9.7502,7.2529,19.003,15.826,10.715,14.351,16.745
4.9615,5.521,6.922,6.1698,5.3724,4.0128,4.0801,3.535,5.0447,4.4344
5.8167,8.1824,8.4895,6.9867,8.4736,4.6544,6.6793,4.5336,5.6624,4.8777
6.9943,5.1028,5.2861,3.8659,7.3561,4.1918,4.0469,4.777,5.06,4.781
4.4541,4.5227,4.1909,4.6745,4.3318,7.2772,4.7421,6.8082,6.272,7.0397
4.3299,4.5987,4.0216,4.316,4.0927,15.599,6.1627,7.8983,7.5376,6.5441
4.1371,4.8414,4.6894,4.2278,4.3224,6.7229,4.8684,5.5215,4.4904,9.4616
8.6059,5.742,4.0837,4.4004,3.6347,5.8074,5.5377,6.5186,6.3738,12.787
4.8836,4.9645,5.7685,5.7726,9.4112,4.3822,4.8227,4.2915,3.8638,3.9975
10.934,16.422,23.981,23.71,29.396,21.75,15.007,26.702,30.128,11.211
5.2644,4.4813,3.7772,5.8574,5.4474,18.597,6.1649,5.3474,9.2412,11.31
3.8847,3.8979,3.4284,3.6592,3.6602,7.6657,4.2463,3.8172,5.0039,7.0132
3.7111,3.8108,3.928,4.2737,3.8294,7.0764,6.0254,5.2675,4.3817,5.5172
6.0783,5.7204,5.0887,7.0791,7.4979,4.1004,4.6482,4.1922,4.404,3.753
5.5904,5.2268,4.3419,4.5156,4.3475,5.338,6.3988,4.7505,5.9,8.011
23.572,11.106,10.704,16.309,15.077,12.147,12.307,10.091,8.9063,6.8914
6.1702,5.3584,6.1727,5.0537,4.6895,5.2994,4.6519,5.7974,8.6746,12.368
13.923,14.843,10.681,14.511,14.507,19.005,15.572,8.6956,7.7771,13.148
12.188,8.6468,13.532,16.623,11.433,9.1796,13.586,9.8274,15.935,34.085
4.2449,4.2212,3.8894,4.0575,4.53,5.626,4.6845,4.0041,4.0037,5.2598
4.183,4.2984,4.9778,5.0837,4.3992,8.7712,5.3964,5.4113,4.7831,5.4463
5.1787,3.8686,5.4617,5.196,11.275,4.2362,5.4766,4.1063,3.9914,4.0748
8.0575,5.4027,6.7727,6.7092,17.219,5.9236,5.4957,4.7041,5.6333,5.5694
8.5089,7.414,10.294,8.5824,9.0074,6.1277,6.4909,5.1358,6.6002,6.0771
16.058,24.624,11.578,16.654,44.624,19.663,14.01,12.807,19.867,24.999
18.556,8.0465,5.7548,8.2552,17.157,6.2944,8.0325,6.6111,6.4615,10.273
4.7293,4.3998,3.9651,4.3375,4.2373,6.9651,5.5851,4.7416,4.3657,6.1147
5.9034,5.6782,4.5883,4.3589,7.1314,3.8303,3.654,3.6025,4.2171,3.796
14.983,6.9837,5.0922,5.6284,6.2094,4.1505,3.9943,4.0586,5.3817,4.5202
5.988,5.5533,5.1075,4.8767,4.8832,3.8659,4.5922,3.4746,3.6105,4.5306
6.4677,4.7943,4.5485,4.2633,4.8952,4.5671,3.7491,3.4938,4.4846,4.5898
3.8404,3.7573,3.4532,4.1662,3.6661,8.6647,4.2733,5.5283,5.627,5.8086
30.266,27.551,33.078,21.518,33.172,33.752,45.123,41.094,31.566,21.024
7.1784,6.3642,9.1722,4.5966,7.081,9.0668,4.7174,5.4861,5.5248,5.1617
4.9759,4.8085,5.0305,4.5264,5.2373,12.037,6.6114,6.0756,3.9019,7.1722
5.4978,5.7681,5.0174,5.5458,4.5006,7.4845,4.9291,5.0533,5.8017,6.0992
4.3191,5.4858,9.9274,7.2769,7.7997,7.9493,10.912,7.5484,5.4403,4.3532
10.806,10.192,12.047,4.2054,6.7329,10.441,8.5185,10.838,7.2159,16.496
5.8381,5.054,5.2598,5.3308,6.2815,5.3717,4.6255,4.8674,4.8487,4.9966
20.877,12.422,15.758,20.052,35.704,38.451,16.743,9.2521,17.124,39.449
8.1558,5.1849,6.5538,7.5874,5.0761,4.5541,4.2207,4.3337,6.1612,5.7981
4.5214,4.6313,4.0106,3.991,4.4282,5.9473,4.3158,4.9976,5.7678,9.3698
6.6164,5.3329,6.2568,6.7476,5.2161,3.9412,3.8312,3.7524,4.7447,3.7285
5.9497,4.8429,4.5863,4.2685,4.1898,8.9681,5.3355,6.5975,10.021,11.858
4.4526,5.8913,5.7742,5.861,11.92,19.68,9.7046,7.2044,8.8099,10.36
22.357,19.316,13.122,19.556,15.317,15.791,18.149,12.569,17.746,6.2774
3.939,3.6636,3.7139,4.8589,5.1204,8.8387,4.5133,4.7846,4.5737,7.4028
14.403,12.803,12.903,10.519,11.331,16.172,8.455,8.5008,6.2996,6.7769
5.0985,3.9169,4.9489,4.7939,5.9099,7.2934,3.9479,5.7429,5.1436,5.9214
11.515,8.4747,6.926,5.7415,6.9394,4.1345,4.3616,5.5703,5.9484,5.6439
4.6831,4.1222,5.3866,5.2064,5.1943,5.6581,5.7758,6.1534,4.8248,5.4757
9.3115,10.15,8.3138,6.9203,5.9105,4.6417,4.8602,6.1038,6.8728,6.2299
12.628,13.879,15.547,8.5014,4.8565,20.37,11.235,11.432,12.478,23.184
14.029,15.252,23.052,24.081,52.845,39.358,27.992,28.272,34.047,63.434
11.743,8.3089,10.763,13.284,13.322,12.175,10.548,6.226,7.8412,5.1976
6.6023,5.1772,4.8477,4.4993,5.9246,4.4339,4.9636,3.7794,3.5028,4.2202
14.563,6.5816,18.69,14.367,39.006,12.414,10.459,11.574,12.356,8.8962
6.089,6.3123,8.7772,7.1361,15.217,6.0403,4.3093,3.8766,5.022,4.6585
4.5917,4.1253,4.2022,4.381,4.5657,9.0994,6.1974,8.1546,5.7746,5.1168
8.9611,6.4013,7.5723,8.5951,4.7204,3.8722,4.4999,4.7546,5.3344,4.1734
6.5194,4.9634,4.93,5.2902,6.9797,3.767,3.8774,5.334,5.4673,8.6387
4.8486,4.9184,4.2226,5.3976,5.182,7.0655,4.5877,6.7998,5.9775,5.0589
14.236,6.5487,11.035,10.822,11.568,12.65,6.5045,7.2183,10.153,22.466
5.3008,4.7447,7.273,5.679,7.3467,4.9716,4.455,4.0025,5.9217,5.851
23.617,18.047,9.4045,13.694,20.017,11.234,9.6272,9.8037,14.572,21.274
4.0378,4.8631,3.7806,4.1093,4.4225,5.7741,5.4949,6.4157,5.4295,5.8644
4.598,4.7953,4.8775,4.3863,5.0342,14.331,8.0919,4.6111,6.7357,17.771
9.1607,5.5832,9.6059,7.0276,7.6439,7.1845,7.0767,4.2227,6.4892,5.8647
8.0519,5.6688,8.2916,11.531,18.487,5.1844,5.7515,6.9842,9.79,5.209
5.0416,4.2391,4.2706,8.198,8.9382,8.2273,6.2584,7.249,7.716,6.2438
34.643,22.208,14.634,10.85,15.107,31.639,14.435,11.168,17.341,18.298
5.9772,6.5755,5.6525,6.8739,9.3879,10.717,8.4499,7.0201,5.8013,6.9137
4.1398,4.187,4.2317,3.7893,4.262,5.7791,4.0331,4.5515,5.2729,7.5484
3.9667,6.4282,8.2009,6.6534,9.7254,4.53,5.3547,4.6854,5.5443,5.6904
5.1424,3.7917,3.9258,4.1637,5.0324,10.511,4.401,4.3351,5.5109,8.2044
5.8834,4.3232,5.4758,4.8018,6.5812,4.2891,3.8761,3.5171,4.0931,4.0864
4.0444,4.4734,3.6222,3.5764,3.8639,4.1787,5.7716,4.276,5.6735,7.9323
6.1348,5.9616,5.1495,6.8753,13.173,5.7972,4.7511,4.0321,4.7297,4.3105
9.5947,13.599,15.308,11.712,12.337,15.434,6.4189,7.9287,8.1324,15.829
9.0743,10.363,12.071,8.4848,11.955,16.133,6.9563,6.9757,6.7668,9.3228
7.8381,5.7253,5.6468,6.6684,5.8996,4.0208,5.1193,4.1898,4.1222,4.0526
27.171,19.239,12.518,9.4461,16.637,14.357,9.7758,12.594,13.546,21.812
4.1541,4.766,4.9504,6.1774,6.0575,3.6817,4.6417,3.9649,4.9412,3.6472
7.047,4.8217,5.0874,4.7587,5.7295,3.8289,3.8924,4.3841,4.5736,4.1706
9.549,6.574,5.2602,5.0241,8.0057,3.8419,3.6621,3.6077,4.1497,4.6131
20.239,19.868,18.038,19.751,25.384,22.565,22.274,12.825,19.026,10.697
26.494,8.8831,12.099,12.352,20.168,4.8663,5.1076,10.305,9.5406,21.584
8.2464,9.626,7.0646,6.2822,10.505,9.0476,6.3451,6.5766,7.456,5.2675
5.2974,4.24,5.2763,5.3235,6.5335,12.135,5.994,4.6027,5.0149,6.6263
5.1724,4.3546,6.6397,6.3187,6.6225,7.5218,5.479,3.7692,3.7525,3.901
26.08,19.978,11.868,7.3993,11.182,30.853,18.367,5.8601,26.779,10.198
13.791,6.2887,5.7264,6.6753,7.2491,6.2258,6.6385,7.3162,12.993,8.3855
4.71,4.7353,4.7745,4.7624,5.4399,9.252,8.6228,4.387,6.3506,11.111
11.283,13.737,14.191,12.833,13.31,12.294,11.822,14.735,9.5526,15.788
9.1276,8.5757,16.159,20.424,10.5,9.3858,7.2573,6.8023,9.3536,6.1053
13.224,4.89,6.4755,3.7082,3.714,13.741,10.051,8.0098,6.2446,8.6376
18.614,13.446,9.3897,14.016,16.427,6.4781,7.2632,6.8691,8.3054,8.7264
5.7642,7.4968,6.4227,11.095,12.913,11.704,8.7937,11.412,10.911,10.753
7.9248,5.7962,9.5744,5.7535,4.1298,4.9326,6.7063,7.8344,11.77,17.823
11.611,10.326,9.0431,7.5843,15.203,4.5599,6.8936,6.9482,7.4302,12.871
8.0496,4.9076,4.1565,5.8034,6.5823,4.4306,4.9823,5.2058,4.4581,4.1101
13.255,6.5099,17.049,13.909,16.822,20.743,11.183,11.147,13.048,26.292
5.2924,3.9765,4.8618,4.2189,4.8532,6.1428,4.21,11.431,7.7558,10.267
4.3301,3.8008,5.6082,4.2836,7.0187,8.2104,5.5546,8.7031,6.6097,9.921
6.5813,7.1427,10.077,8.3763,9.4365,7.2267,8.0308,5.5514,6.1571,4.5068
13.184,17.97,9.1853,16.369,15.283,11.758,14.407,8.0051,7.6782,7.0738
14.591,9.5252,10.357,5.6904,12.132,4.8392,4.7698,4.0168,5.0558,5.3069
18.59,12.021,7.7517,7.8073,11.495,10.386,10.541,5.2793,4.3711,4.0794
22.304,15.15,7.3731,9.6607,7.9024,7.7658,7.5822,8.7391,9.1965,9.8405
5.3625,4.6115,3.7469,3.4557,3.8436,6.3582,4.9108,5.5865,4.0186,6.1187
10.74,4.4773,4.9979,6.1633,5.3753,6.7254,4.9719,9.4099,8.5211,8.29
7.252,6.9048,6.5626,4.8423,8.7309,4.1316,3.7002,5.1511,3.9735,4.9319
7.4861,6.4191,5.3999,5.4302,6.1201,5.8416,6.3867,7.5289,6.0559,12.786
4.3343,4.1837,3.8343,4.0994,4.379,7.1886,4.3014,6.1783,5.1887,6.9631
11.43,18.396,9.7694,11.654,26.761,26.222,18.533,7.5202,11.686,4.9031
3.9882,4.8893,3.5612,3.886,4.5745,4.0494,5.8492,4.3603,5.379,10.839
10.798,4.9633,7.0146,5.8001,12.415,9.8165,7.0246,5.4811,5.3265,7.8696
4.4161,6.041,7.996,4.9165,14.004,18.509,8.9065,6.616,10.275,8.6636
3.8064,5.2769,6.7423,5.5353,3.7159,10.655,6.3607,4.7732,10.142,8.5953
23.051,6.6572,6.1705,8.9031,24.855,5.3586,8.0315,5.0125,8.4822,5.5467
7.0758,5.3215,4.9796,5.9608,5.3167,3.8172,4.1328,3.7102,4.0677,3.8627
17.818,10.466,7.9899,5.7729,12.318,9.6225,7.7717,7.4379,6.7693,6.558
4.1488,3.7648,3.8229,4.5303,4.1479,6.3688,4.5418,4.2094,4.7539,5.1169
8.6334,5.8459,5.6925,6.279,4.1496,4.7619,4.4099,3.7403,5.5485,5.285
5.5548,4.3803,4.1752,8.3667,10.817,7.74,7.4611,6.6162,7.8871,6.5148
12.177,8.287,8.2017,6.4184,10.879,4.2197,5.2376,4.3625,4.5883,4.2897
10.215,7.3087,4.2798,4.4551,4.3842,9.5553,7.8252,9.3063,7.5113,5.6804
4.4835,5.3193,4.7953,6.9052,5.7305,7.8721,5.2481,5.0317,4.267,6.4232
6.1522,8.3006,8.0466,5.3976,7.3049,5.5284,5.021,4.4778,6.9225,7.4799
6.7115,4.2208,5.5944,4.7901,6.4977,9.4218,5.095,4.0519,5.2504,4.1606
3.5618,3.887,3.4099,3.7697,3.5489,5.2182,4.5249,4.9194,4.9745,7.0744
7.7549,11.111,9.6274,8.4484,13.667,25.664,8.317,13.696,19.672,19.863
6.1493,7.6841,4.2277,3.8995,4.6121,4.4998,5.2012,4.028,4.4154,4.4921
7.042,4.652,6.5181,4.1961,7.3218,3.7915,4.5363,4.6299,4.826,4.6344
4.2951,4.356,6.8739,4.9625,11.356,11.127,13.196,6.8586,7.5123,6.0756
7.8795,4.5522,5.2279,5.095,5.6309,5.1595,4.888,3.953,4.8498,4.5322
3.9427,4.4176,3.4048,4.1245,4.8343,10.231,9.8626,4.4119,6.8483,5.8451
21.602,7.8857,9.161,7.7504,6.7025,5.5783,8.2396,6.4211,6.6561,9.7335
3.9893,3.6968,3.4459,4.0416,3.6932,7.0017,5.0872,4.2558,6.7344,4.5736
12.405,7.5233,15.266,8.3954,21.147,6.4557,6.0036,4.9796,7.5407,4.2313
4.6596,4.7935,4.3355,6.3565,5.4549,9.7948,10.488,5.7796,6.4432,6.9421
3.692,3.7197,3.6817,3.9341,3.6497,7.461,4.7179,4.535,4.2229,5.0813
14.837,11.301,5.6668,3.9461,4.8439,12.994,8.4132,4.7019,9.9435,12.828
3.7065,3.847,3.9291,3.9604,3.6361,5.9247,4.7915,4.229,5.6462,5.6328
3.7313,4.0067,5.1537,4.9648,4.6028,7.5767,6.4981,5.7264,8.5234,5.1341
5.6103,6.2789,4.471,4.2719,3.7436,5.4881,6.1028,6.667,6.8775,8.6676
4.6168,6.3952,4.137,7.3733,6.3274,10.415,5.837,7.9076,6.6824,4.2604
9.8865,5.6731,7.4563,4.9571,6.9766,5.7266,5.5009,5.633,6.9515,8.8617
3.9189,4.4056,3.5085,4.16,4.0894,6.8691,3.9397,5.0219,5.0303,9.2026
40.209,21.966,22.466,36.95,58.629,16.91,28.18,13.445,20.535,26.619
5.5796,4.3904,3.8962,5.5732,6.2756,4.2689,3.618,4.0983,5.5128,5.6004
5.302,5.1975,3.7534,4.5128,4.5392,5.2983,6.0484,6.6093,5.4741,6.6674
9.689,7.4777,7.238,7.1593,8.0447,5.104,6.5168,4.5359,5.6116,7.3033
4.7995,5.3554,3.8608,4.7243,4.6055,5.1089,7.0594,5.8009,5.0357,6.5338
7.1347,5.469,9.7354,5.6869,6.3842,4.3683,5.092,4.1841,4.2349,4.5811
5.1589,4.2284,5.0896,5.0901,8.548,4.7279,4.4024,5.6835,4.5593,5.2049
4.5031,4.5283,3.855,4.7579,4.957,9.1955,5.0021,4.0496,4.1432,7.2317
8.9035,10.543,15.694,8.2025,11.305,7.1728,8.3518,5.3921,6.4732,5.6909
8.6694,9.7684,8.5111,8.5036,15.302,10.64,8.7955,10.983,9.0231,9.4051
4.8013,6.2324,4.9333,4.9535,5.651,12.372,8.276,5.1742,4.9311,6.1195
5.2119,3.7323,4.4931,5.9968,11.386,4.5458,3.9756,3.8236,6.1921,4.6419
5.875,5.6187,5.359,7.3807,7.3102,7.1463,4.481,3.6132,3.8583,3.7868
15.557,5.7204,5.782,6.3917,4.8692,22.036,15.779,8.4523,10.223,8.0319
13.602,7.7411,10.514,9.6483,7.9,5.6277,8.7394,6.6248,12.181,16.666
10.921,10.864,6.3584,4.7546,15.747,15.548,6.5181,10.02,5.0261,4.9235
13.236,7.0863,5.8916,4.0008,3.7432,5.2642,7.8269,6.4544,6.9606,9.7126
4.6425,4.0917,4.3611,4.9064,5.0754,6.865,4.4419,6.1188,5.0133,6.5058
7.4089,11.967,5.3375,5.4371,14.922,3.7719,4.2396,4.1638,3.9999,3.8236
6.283,5.2672,4.7637,4.7015,4.6682,10.886,4.7829,8.6912,4.9968,9.8781
6.6136,5.6914,5.1334,4.8958,9.9362,4.2167,4.0426,3.927,3.7486,4.3799
13.527,10.134,7.106,18.572,18.798,9.3371,6.7796,11.021,8.8397,10.765
7.3696,5.671,4.3934,9.1235,10.625,8.428,4.4925,5.0283,4.5835,4.1246
4.4609,4.6753,3.8151,3.9689,4.5936,11.66,6.0078,8.49,5.4742,9.4899
4.6756,6.0199,3.8807,4.3425,3.8509,11.233,7.3716,4.5075,4.1258,9.2561
8.2524,7.444,11.129,8.6537,8.5572,5.4442,5.7539,5.2093,5.3005,5.3342
7.9684,5.5121,5.3736,5.2068,9.2924,4.9819,5.4359,4.6641,5.124,4.0537
4.2471,5.0409,5.2672,6.0016,10.649,15.884,18.019,10.869,8.67,8.197
6.9699,5.4192,5.7662,5.2158,5.359,3.8771,5.2787,3.973,3.7647,3.5365
7.0057,9.1862,7.6562,10.475,5.9936,12.613,14.28,10.454,14.156,10.764
16.03,7.2826,11.723,10.016,12.076,12.244,7.8951,8.7575,6.9902,7.8547
5.5934,6.4079,7.2955,9.3396,6.8947,9.6661,7.9526,10.252,7.8323,12.174
9.0642,5.8323,3.6562,4.7369,4.9937,7.7389,4.7549,3.9732,4.3843,7.8455
16.415,10.797,5.8454,10.48,6.8124,6.268,9.4748,8.0825,5.6656,5.2357
4.1984,3.4509,3.7461,3.7548,3.9674,11.312,4.8368,5.1312,5.7514,10.044
16.323,12.029,18.027,10.23,28.491,4.5835,5.8919,10.347,11.039,4.8243
3.5519,3.8087,3.7469,3.6359,3.6217,10.615,5.1141,4.2081,5.3638,4.9393
9.6112,5.0083,4.942,4.2602,5.1433,3.919,3.6555,4.2258,4.4869,5.0154
11.641,6.7427,12.351,8.727,7.8836,10.365,7.0404,6.5849,8.3544,10.7
6.1914,6.848,3.653,5.0193,4.8154,4.6979,5.8178,4.1944,5.9762,4.6994
14.443,5.4094,5.1573,7.3631,16.806,7.1037,7.7914,5.4297,6.5806,5.222
19.781,9.4406,6.0959,11.212,11.602,5.0072,6.7955,4.7629,7.8352,6.7438
4.183,4.0993,3.5097,3.8708,4.188,5.5592,5.1215,3.7476,4.0466,6.4038
3.886,4.5783,3.9923,3.7247,3.5609,8.0476,5.0399,4.6309,4.5535,8.611
6.2012,6.0731,5.0406,7.5451,13.007,4.0755,5.2408,3.8881,4.4213,4.1645
5.6462,7.6648,8.1749,7.9921,4.0272,29.003,12.537,14.93,9.6463,30.72
6.3601,6.4387,6.4868,6.4698,4.5952,3.9967,5.2355,4.8067,4.8435,7.1017
6.4437,7.7167,14.21,8.8987,16.191,7.5732,6.6048,5.6712,5.7848,7.0882
11.209,13.154,17.034,10.486,19.857,5.6113,9.5395,5.6373,8.921,6.7573
8.9278,7.567,8.6235,7.5346,9.6876,4.4186,7.6277,4.9816,6.329,17.132
3.8205,5.1062,4.4384,4.5303,4.1655,5.2688,3.9184,7.8988,6.9793,8.5605
23.61,13.26,10.554,13.035,24.891,11.358,7.3822,8.6393,14.744,8.4695
27.193,17.476,27.447,27.309,20.429,42.429,23.711,21.238,33.81,33.369
4.5894,4.7638,5.4124,4.1384,4.2449,6.2356,4.9699,9.1678,4.9507,7.1672
13.538,10.785,5.8606,10.085,16.847,12.473,19.507,14.696,9.4198,5.6513
18.043,7.9156,7.5962,6.6712,4.6584,25.9,20.348,5.9094,9.9043,19.701
3.5868,4.0826,3.5891,3.5447,3.9202,4.798,4.5855,5.1382,5.3142,4.3184
7.7064,7.9936,8.6534,6.4434,4.5431,5.5704,6.1317,3.8498,6.1048,4.9816
4.4895,4.4632,4.4016,4.3057,7.9591,5.3769,6.1829,4.4922,5.308,4.3378
5.7582,13.002,13.751,10.167,19.316,20.719,11.205,13.744,5.7262,5.3208
5.3705,5.9786,3.8991,5.8566,4.7396,8.3196,4.1912,4.5062,7.4682,8.7912
4.0222,5.6252,3.7081,4.7106,4.0172,6.3285,8.6535,6.0988,7.0254,10.241
40.995,18.168,7.7739,8.8056,6.2876,7.7153,8.0079,6.3975,5.323,10.569
5.9015,9.9629,7.9799,8.2875,16.639,5.1529,4.7407,4.1993,4.9772,3.9868
14.614,9.3023,7.3083,8.704,9.1831,7.573,13.208,5.7073,15.812,12.147
11.786,8.6906,10.94,8.3221,23.945,8.0536,6.7107,8.0998,5.6914,7.0661
17.342,7.9087,6.1954,4.91,4.4841,14.863,10.892,14.164,9.9689,18.062
4.2902,4.6365,3.8203,3.7732,4.6074,9.8823,4.8438,7.5076,5.1251,5.8382
3.3882,3.8425,4.2044,4.1855,3.5585,4.2525,7.6019,4.8543,4.6101,7.6198
3.8477,3.5716,3.9725,4.3257,4.6761,11.307,8.3783,6.626,10.259,20.328
6.9658,5.4379,4.4767,5.6039,5.0856,4.4242,4.2158,4.9055,3.7016,3.7731
4.4268,4.8757,5.5403,6.9225,8.0707,4.6513,4.8174,3.5933,4.9529,3.931
4.5517,4.7562,4.2446,6.1803,5.402,23.199,6.7544,10.67,6.4611,5.6251
5.6519,8.0893,5.8396,8.0451,11.275,6.9548,6.3565,4.8529,4.0867,3.9803
8.6749,4.3144,6.6429,6.0547,5.5891,21.337,17.666,8.7473,10.793,17.536
7.3039,5.5143,4.3659,5.2842,5.705,7.4361,5.1068,4.0634,3.5946,3.8419
3.7109,3.594,3.6606,4.3264,3.4718,5.047,5.0782,7.161,4.3207,6.9057
3.6033,4.7551,5.0799,3.6296,3.8552,5.1514,6.2861,5.2277,4.8007,6.8894
3.9184,4.5187,5.6799,4.2906,4.0756,12.668,5.7484,7.7238,4.5166,7.7188
4.285,4.4537,4.2806,4.0907,3.8326,7.9118,4.6472,5.3134,9.2706,6.1768
5.1227,3.8196,4.3124,5.3472,7.2921,5.0315,4.2263,3.9222,3.874,4.1632
4.7037,7.7308,6.7296,5.3814,4.092,7.9478,8.3051,6.5915,4.8733,4.8939
3.9739,5.2545,4.1999,11.563,15.039,20.483,10.993,7.4522,11.279,29.473
6.8957,5.0079,8.0485,6.8888,7.8134,5.8452,5.1797,4.8577,6.9784,7.234
17.237,17.157,16.255,7.1824,24.707,27.202,21.59,18.12,15.234,10.617
4.3254,4.6381,4.0835,6.5921,9.4842,11.174,9.9498,8.4979,9.433,10.425
4.1629,3.8952,3.5322,4.328,3.6768,6.4574,10.128,5.4294,6.0691,6.1788
4.6886,4.7543,5.7721,6.6315,6.2368,13.399,8.0396,6.8543,9.1221,13.859
11.543,6.8294,5.7882,4.4819,8.567,4.2849,4.3133,5.4367,4.4431,6.1861
18.559,8.5343,12.498,11.877,7.7935,12.697,10.414,10.525,7.5614,16.962
3.9968,4.0389,5.5571,5.6095,9.1791,13.282,5.3662,6.021,10.356,7.3928
3.7475,4.6235,3.7226,3.8577,3.806,8.988,6.284,5.0138,6.0963,6.23
32.276,21.737,5.6933,9.3628,4.8193,39.41,24.74,8.1917,9.2728,7.953
3.9587,4.3953,4.4119,5.0715,4.9441,7.2324,6.3942,5.2683,5.5571,5.708
19.203,12.404,7.6512,15.196,37.818,11.067,7.0909,11.94,14.609,12.018
9.8271,7.3493,5.8138,7.2257,11.337,4.3648,6.7741,6.341,7.5498,14.17
7.3532,4.4457,4.9848,7.4125,5.5942,7.2613,6.0447,4.2473,5.5894,7.0833
8.6065,5.2506,6.1018,6.1859,8.3097,5.4439,3.8042,5.7817,4.885,4.8252
9.8581,5.286,4.678,6.3521,6.8623,4.3994,3.6526,4.9285,4.129,5.0863
4.3547,5.4307,6.891,10.185,13.84,9.7837,11.696,13.969,9.0058,7.1288
32.083,33.339,22.105,20.336,14.434,7.4778,13.693,35.325,20.93,20.103
5.5977,5.8361,4.3713,5.4489,6.9736,4.6057,4.9689,3.594,3.7041,4.1841
9.1433,6.8405,11.368,5.9501,12.737,6.8115,6.3174,5.9792,5.1409,5.3061
7.6321,4.8706,5.5622,4.9813,8.9292,3.8829,3.8255,8.1529,5.4108,14.717
8.4545,11.867,15.167,5.141,13.162,17.503,6.7683,12.526,7.0506,16.733
4.4496,4.362,3.8879,5.5585,4.5005,8.7179,6.9314,5.7744,6.1603,6.9427
3.8873,4.4409,4.1279,5.52,4.9329,10.275,5.3291,3.8713,7.7522,13.071
14.467,7.8529,6.9609,5.4326,5.154,4.0982,4.1542,3.6613,3.5622,4.2476
5.0249,4.369,5.3339,6.2555,5.5415,6.8631,6.2562,7.5785,7.7711,5.2988
3.512,3.8003,3.3711,3.4999,4.0139,10.712,5.2403,3.6832,4.2855,9.225
3.8854,4.0708,4.0307,4.3157,3.8911,6.2192,6.2101,6.5164,4.9015,5.0986
5.4988,3.774,5.2805,5.5549,5.246,4.1086,3.6054,3.5799,4.2563,3.8999
7.8824,9.4881,13.331,5.4472,4.4161,6.0768,8.9881,4.7291,6.0198,5.9004
5.1477,5.498,7.2239,6.98,7.0751,7.8147,6.0251,4.4513,6.828,8.1182
3.7026,3.4171,3.4409,4.8944,5.0726,4.1524,4.6215,4.6313,5.381,6.388
5.867,4.4879,5.7902,4.0076,4.3113,4.0638,4.4178,3.5165,3.4655,3.9141
4.2645,6.1382,6.5991,5.2419,5.256,5.8515,7.3258,6.0438,5.8294,7.7293
20.653,13.379,22.288,13.354,17.993,18.675,6.3136,16.236,8.1974,6.1699
5.9184,9.578,4.4934,11.107,5.7816,4.3903,5.2205,3.9886,5.7716,5.3697
4.176,5.2966,4.212,4.5464,4.2728,5.2359,6.7738,6.9622,5.8615,7.6894
7.3857,4.741,4.787,5.586,6.3954,4.745,4.0631,8.3889,5.3948,13.761
18.107,6.4747,5.3649,10.337,13.662,7.0686,5.0701,3.6937,4.727,5.5466
5.6713,4.4435,4.0189,5.4452,5.4787,6.4726,4.5925,8.6816,6.9116,8.6093
32.817,9.0468,20.03,13.433,5.5775,16.584,32.697,21.102,13.85,36.076
6.9893,5.6918,6.4336,6.4957,6.3099,4.975,4.4035,3.7503,4.2931,4.7793
7.2321,8.136,4.1046,5.3363,5.9676,8.2252,5.6249,4.3297,5.5072,7.2536
10.117,6.2912,8.3546,4.5705,6.3128,9.0531,7.5205,9.9307,4.0077,8.2195
30.049,32.71,28.51,12.057,22.32,40.878,18.428,17.447,8.9817,8.0044
27.588,5.7196,18.137,9.0238,7.4467,7.4372,9.5279,7.5341,7.3008,8.1241
11.914,5.7921,7.4734,6.8195,9.262,11.46,6.0569,4.4303,5.3321,9.3684
4.4241,4.8188,6.2121,4.2683,4.7441,6.0816,5.1984,7.6905,5.7769,9.9012
4.7769,7.183,6.6801,8.625,5.5334,10.245,8.1016,16.485,13.341,15.186
14.392,8.9584,4.2179,16.831,4.4757,4.472,3.8291,3.5288,4.3398,5.2996
5.4381,4.3591,4.8525,7.301,8.314,11.397,5.5844,4.7235,12.521,19.486
5.5939,5.2556,5.4795,4.8201,4.6423,8.5456,6.4532,5.4247,4.7194,4.1483
7.0573,8.1901,9.8359,8.7818,7.7283,4.4759,4.9081,6.0521,6.6527,3.637
8.5169,5.7896,7.0434,11.884,13.418,12.815,8.7842,13.172,7.2158,12.783
6.1206,6.7374,4.0953,6.6322,11.083,18.284,6.8293,7.7341,10.019,10.792
7.967,5.151,6.2086,5.1937,6.9973,5.1928,4.4374,4.1353,4.928,5.9191
4.935,9.2733,5.1444,6.1338,4.9667,7.7028,9.4133,5.4451,6.7786,11.743
6.2775,8.2438,12.428,5.2145,14.32,18.23,8.2903,10.287,5.2997,4.3713
5.9705,4.8342,6.1063,4.8001,5.5604,10.951,6.3386,12.284,15.044,37.034
4.8198,6.0094,4.3358,6.6024,4.9134,5.4651,6.6741,6.1011,6.633,6.2552
6.6334,7.9925,10.821,5.1796,14.481,4.4168,6.2035,4.3928,5.3461,4.4651
8.4088,8.5231,9.3996,8.8779,10.033,8.2126,13.111,7.6569,10.35,10.291
5.845,8.0724,5.3498,5.2202,6.285,4.0901,5.0837,3.8953,4.4394,3.5511
5.65,6.7327,4.9473,5.0011,5.1808,3.7398,4.4904,3.6317,3.9714,3.8678
8.3888,27.666,33.485,12.635,9.7395,21.34,16.049,20.617,16.277,17.917
4.339,4.1232,3.7662,5.9941,4.6776,6.0311,6.4793,7.8996,4.7648,4.1697
4.5922,5.2814,3.9217,3.9765,5.1005,6.9961,4.8354,6.4274,4.4854,6.9871
8.5375,7.5594,5.7003,7.0795,6.874,4.3165,4.585,4.2843,4.8772,4.5438
15.196,9.2737,4.3092,10.585,13.198,7.3661,16.538,13.522,23.79,9.7138
6.3192,3.8353,4.5304,4.6177,4.2024,4.4215,3.7541,3.7631,3.9153,3.9409
13.465,11.5,5.6554,4.3192,4.921,7.1578,7.9833,5.1487,5.0192,8.8754
3.7038,4.807,3.8223,4.4543,6.0978,9.3509,11.109,5.5091,7.0614,6.6421
6.1331,6.7608,3.4825,4.2706,5.6054,10.851,8.4881,8.3035,4.9873,9.1848
8.1921,6.3274,3.9276,5.8092,7.0639,4.8744,5.9043,4.7494,4.9197,7.4021
13.056,5.1022,7.1656,4.568,9.5982,4.5184,4.831,4.5099,4.3316,4.0145
4.0428,4.6714,4.8246,4.7561,5.3971,7.8055,11.049,7.5229,6.3124,6.2446
8.2432,6.6324,4.9267,5.0143,10.859,4.1085,4.9534,3.874,4.3464,4.1143
5.9523,3.8638,5.1249,4.7954,12.691,3.9721,3.415,3.4116,3.8621,3.596
4.9294,5.698,4.0425,4.3906,4.0961,7.123,5.0506,6.3487,6.6573,6.4181
13.597,11.857,5.2828,6.0883,6.207,14.161,7.5325,7.3488,7.9455,7.5347
5.5267,4.4128,8.7163,8.6713,13.597,6.4311,6.2501,4.6706,4.4584,4.0958
30.49,5.4747,15.943,9.4174,21.456,14.27,19.974,10.211,19.989,17.751
7.4169,5.5498,5.877,8.7268,8.0159,11.899,6.1429,10.858,7.319,9.2271
9.0239,8.2949,11.644,11.297,23.658,14.835,7.4495,7.1164,5.8748,4.3592
4.4702,3.7516,5.0288,3.8768,7.0952,3.9871,3.5155,3.507,4.1754,4.0485
4.8399,5.5832,3.8163,4.0956,4.6813,7.0463,5.5255,5.2377,7.6629,8.2183
3.6612,4.7206,3.6108,4.2145,3.7252,4.4516,5.233,4.5827,5.4305,6.4635
4.3766,4.7765,3.5823,4.8207,4.5493,7.3815,5.6716,8.515,5.9091,5.438
13.502,15.602,15.837,5.6729,9.4469,19.848,8.2689,9.3849,10.653,19.86
11.892,6.5101,4.0927,4.5052,4.5849,6.9877,4.3413,3.7024,3.5809,3.6628
6.0736,7.236,4.8082,8.3011,4.8794,4.3005,4.3216,3.6719,4.3655,3.4197
7.2092,5.4611,5.7694,5.5796,4.4191,6.1174,5.1802,5.2539,5.8537,3.8063
5.1098,5.4383,4.8867,4.8075,6.4282,4.9335,5.2068,3.9212,4.2698,4.6544
7.626,5.6702,5.9655,4.8298,6.165,3.7288,4.628,6.1776,5.6463,3.6652
6.8728,7.3298,6.4653,5.2806,11.144,4.5685,4.1564,6.4621,4.2921,5.0527
4.3854,3.7367,3.7116,3.9407,4.5158,8.4536,5.0853,5.7017,6.0895,4.983
8.466,5.7707,4.3901,3.934,3.5242,16.662,19.701,5.2499,12.025,21.586
16.059,28.529,7.0408,4.8587,36.246,4.7757,7.8864,7.0032,4.7452,3.8995
3.575,3.4079,4.2838,4.9957,3.989,6.1798,5.8851,4.9492,5.5509,6.4759
7.4292,11.455,9.893,8.8613,4.5166,25.783,21.601,9.0817,16.616,20.991
5.8702,7.3531,6.6471,5.3714,7.3004,4.2448,5.2006,3.9114,4.0921,5.68
8.2572,3.8158,4.2269,4.7268,4.3193,5.07,4.5073,3.6771,6.0675,5.679
5.7535,5.4392,5.343,7.3942,10.505,3.9928,4.7428,3.8245,6.3106,4.8596
6.9304,8.8179,4.382,12.529,16.317,6.6645,9.3627,4.8383,7.6735,4.6601
6.3431,9.3129,6.53,4.5955,4.7499,7.8818,8.6757,14.809,8.0979,6.4379
4.4668,3.3898,3.6846,5.1228,5.3531,4.5408,5.0821,5.5735,6.6283,8.6259
5.303,8.2049,4.2948,10.539,4.8293,11.038,5.6436,6.6849,18.982,20.468
9.3418,8.1938,12.977,6.6624,10.823,21.509,9.685,13.5,17.062,29.518
4.7462,4.3939,4.9439,3.5496,4.4487,7.5325,6.4699,6.9609,4.6335,7.1717
10.801,4.1417,6.2972,4.5169,8.8805,3.7297,3.6725,3.7001,4.5764,3.7223
26.683,9.3889,7.5547,8.0978,15.331,17.233,8.0013,8.1016,4.6221,4.5241
26.127,6.9383,10.124,8.0449,5.2172,4.139,4.6198,4.2193,4.3787,7.0734
6.204,4.3936,6.2354,4.8497,6.7362,4.0086,3.7143,3.4614,4.359,4.5917
17.988,7.4219,6.4098,6.5207,21.077,5.3301,9.2412,4.659,7.8072,5.9535
5.5713,13.937,5.7898,8.5366,12.023,6.7197,7.058,7.941,5.2011,4.8731
5.8164,5.1389,8.1641,4.864,7.0882,4.6882,5.9227,4.8256,4.1632,4.656
12.11,4.8105,7.176,4.9967,7.9327,4.2958,4.0408,4.4686,4.9336,5.1566
3.8467,3.5311,3.3994,6.6221,10.357,5.337,3.5575,4.5416,5.3157,8.0355
4.7452,5.3396,6.8768,8.5827,5.56,6.5759,5.3483,10.981,7.6058,6.2463
4.9413,4.3966,4.5742,4.1623,7.3649,3.7331,3.7235,3.5272,3.5073,3.6189
3.7653,3.6205,4.0296,4.9047,4.9428,8.8668,3.9582,5.9396,5.8298,9.2218
11.132,6.6639,5.6162,7.4192,11.476,6.2846,6.8241,7.2904,10.606,5.4708
5.5498,4.5449,4.6902,3.9015,6.8577,3.7389,3.7169,3.8302,3.8248,4.0649
4.2358,4.3166,9.2609,7.2567,7.0619,6.3137,5.6393,7.9306,4.6767,6.4216
8.7995,7.8452,7.9156,4.9309,12.827,3.8893,5.3172,4.0402,5.9761,5.0516
4.9526,4.0786,3.7788,4.8907,4.4509,5.8167,4.0851,7.6576,9.855,4.2829
3.6013,5.419,8.1169,4.2297,6.3785,6.1064,4.5097,4.0032,6.3607,15.555
4.8093,6.3874,7.4013,5.0865,7.6283,6.2876,4.5644,7.019,3.9281,3.8802
11.738,5.9977,5.9326,10.559,8.3136,4.1784,3.9537,4.841,3.9938,5.8195
4.3824,3.6117,3.9054,4.3019,3.9888,4.7398,5.0847,7.2851,7.9835,10.196
7.8905,3.7644,8.8404,5.6236,5.1435,4.4552,3.6477,4.0679,5.6557,5.2041
4.9864,5.2779,9.2958,7.4938,6.4657,4.7521,4.745,4.0408,5.3408,4.0432
7.7274,7.1563,4.8169,4.6849,4.8561,25.208,9.1563,16.059,9.0804,7.7062
4.9891,6.0595,9.3826,5.3542,4.9712,9.6569,10.019,4.5748,4.4588,3.8723
4.7829,4.7287,4.6993,6.5109,6.3257,17.358,9.7733,7.7358,7.7003,6.6825
5.0387,6.7851,10.153,9.7926,11.389,11.221,14.066,10.517,13.876,12.585
4.1433,6.4324,4.2648,4.6703,7.7957,4.3339,3.6568,3.5175,3.7809,3.7214
3.6753,5.7296,5.0706,3.8972,4.3755,4.9267,9.4377,6.6537,7.1399,21.404
6.3495,3.3917,6.5993,4.2374,6.3883,8.6126,3.9649,12.632,4.2153,15.984
10.416,8.0148,5.2391,9.2354,12.62,32.135,17.082,9.7811,9.2681,16.368
5.5869,5.0714,3.8904,4.7563,4.4056,8.4856,5.2165,9.0786,5.2099,11.124
5.3918,4.8744,7.3084,5.2383,3.7089,5.8263,4.4947,5.9103,5.2643,5.2622
4.7457,5.0772,4.2589,6.02,5.712,7.1622,5.3878,6.6368,6.3962,7.2394
5.6813,5.2483,4.8959,7.6282,7.1595,3.6778,4.7988,4.2577,4.8673,3.5159
5.8481,5.7245,4.1284,6.3532,4.2175,3.6907,3.9502,3.406,3.5433,4.229
5.0876,4.0681,3.9932,3.6909,5.0615,3.4873,3.461,3.4748,4.2741,5.3685
4.44,4.9514,3.6071,5.5396,6.6186,9.5513,5.148,4.1628,8.83,12.116
5.8337,6.8761,4.77,7.2314,6.1325,10.328,13.104,8.8419,9.8428,6.6716
4.8338,4.6703,6.7803,4.7985,3.6682,14.475,4.3146,12.269,7.3439,5.3517
6.547,6.4854,4.0249,5.2109,6.3468,6.8269,5.7426,7.3521,5.0284,11.784
4.5506,4.0323,3.5985,3.6138,3.6195,5.9258,3.9962,4.3139,4.1704,4.3788
8.3154,3.7776,6.3879,5.7894,6.2932,3.5809,5.2902,5.1237,5.8237,4.9013
10.358,4.9561,7.4809,6.719,10.141,3.9927,3.5243,4.1404,5.068,7.3161
7.7444,8.1713,7.8493,6.3905,8.0565,7.2399,7.9414,5.035,4.9972,5.9756
5.7571,4.9303,5.7441,4.9627,5.4366,9.6366,10.185,11.491,13.405,16.663
11.757,10.778,9.8631,3.7024,11.393,7.9267,4.7673,8.2352,3.8766,5.2241
7.128,7.1297,12.828,6.1437,14.046,7.1178,9.2168,8.0483,10.957,11.093
6.3245,7.1748,5.2317,3.9136,4.892,5.647,5.9954,3.5998,3.3788,4.7871
4.9391,9.6823,8.8315,13.874,20,10.217,9.3884,4.3998,9.9175,15.462
3.816,5.2455,3.6913,4.691,4.1983,5.9942,10.819,7.2825,7.3309,7.883
4.5451,3.5658,3.5302,4.2692,4.6245,9.2552,5.981,7.3932,11.034,18.48
4.5947,9.0947,10.872,5.448,18.038,5.3505,4.6571,5.3275,4.6219,5.0776
5.5849,7.1384,4.9267,8.1901,7.9388,4.3954,7.123,5.0834,6.386,5.2147
29.38,7.9705,4.6908,10.157,22.768,34.007,9.3861,20.62,9.6288,24.047
4.6074,4.4539,4.955,4.1625,5.2004,6.9287,6.6835,4.7374,6.1178,6.7997
3.8974,3.8161,4.0733,3.7008,4.1163,15.499,17.916,4.9394,5.7157,8.4281
5.6765,4.9738,9.3247,9.1828,6.6225,10.195,9.6975,21.259,9.0602,29.373
3.3981,5.3955,4.4577,3.9475,3.5753,6.4875,5.5766,4.8801,6.5858,5.7864